-- phpMyAdmin SQL Dump
-- version 5.2.1
-- https://www.phpmyadmin.net/
--
-- Host: 127.0.0.1
-- Generation Time: Oct 16, 2023 at 04:35 AM
-- Server version: 10.4.28-MariaDB
-- PHP Version: 8.2.4

SET SQL_MODE = "NO_AUTO_VALUE_ON_ZERO";
START TRANSACTION;
SET time_zone = "+00:00";


/*!40101 SET @OLD_CHARACTER_SET_CLIENT=@@CHARACTER_SET_CLIENT */;
/*!40101 SET @OLD_CHARACTER_SET_RESULTS=@@CHARACTER_SET_RESULTS */;
/*!40101 SET @OLD_COLLATION_CONNECTION=@@COLLATION_CONNECTION */;
/*!40101 SET NAMES utf8mb4 */;

--
-- Database: `db_sepakbola`
--

-- --------------------------------------------------------

--
-- Table structure for table `tb_club`
--

CREATE TABLE `tb_club` (
  `id_club` int(11) NOT NULL,
  `nama_club` varchar(255) NOT NULL,
  `kota` varchar(255) NOT NULL,
  `id_liga` int(11) NOT NULL
) ENGINE=InnoDB DEFAULT CHARSET=utf8mb4 COLLATE=utf8mb4_general_ci;

--
-- Dumping data for table `tb_club`
--

INSERT INTO `tb_club` (`id_club`, `nama_club`, `kota`, `id_liga`) VALUES
(1, 'Manchester United', 'Manchester', 1),
(2, 'Liverpool', 'Liverpool', 1),
(3, 'Manchester City', 'Manchester', 1),
(4, 'Arsenal', 'Holloway', 1),
(5, 'Chelsea', 'Fulham', 1),
(6, 'Tottenham Hotspur', 'Tottenham', 1),
(7, 'Barcelona', 'Barcelona', 2),
(8, 'Real Madrid', 'Madrid ', 2),
(9, 'Atletico Madrid', 'Madrid ', 2),
(10, 'Sevilla', 'Sevilla', 2),
(11, 'Villarreal', 'Villarreal', 2),
(12, 'Bayern Munchen', 'Munich', 3),
(13, 'Borussia Dortmund', 'Dortmund', 3),
(14, 'RB Leipzig', 'Leipzig', 3),
(15, 'Union Berlin', 'Berlin ', 3),
(16, 'SC Freiburg', 'Freiburg im Breisgau', 3),
(17, 'Napoli', 'Napoli ', 4),
(18, 'Juventus', 'Turin', 4),
(19, 'Inter Milan', 'Milan', 4),
(20, 'AC Milan', 'Milan', 4),
(21, 'AS Roma', 'Roma', 4),
(22, 'Paris Saint-Germain', 'Paris', 5),
(23, 'Lens', 'Lens', 5),
(24, 'Marseille', 'Marseille', 5),
(25, 'Rennes', 'Rennes', 5),
(26, 'Lille', 'Lille', 5);

-- --------------------------------------------------------

--
-- Table structure for table `tb_liga`
--

CREATE TABLE `tb_liga` (
  `id_liga` int(11) NOT NULL,
  `nama_liga` varchar(255) NOT NULL,
  `negara` varchar(255) NOT NULL
) ENGINE=InnoDB DEFAULT CHARSET=utf8mb4 COLLATE=utf8mb4_general_ci;

--
-- Dumping data for table `tb_liga`
--

INSERT INTO `tb_liga` (`id_liga`, `nama_liga`, `negara`) VALUES
(1, 'Premier League', 'Inggris'),
(2, 'LaLiga', 'Spanyol'),
(3, 'Bundesliga', 'Jerman'),
(4, 'Serie A', 'Italia'),
(5, 'Ligue 1', 'Perancis');

-- --------------------------------------------------------

--
-- Table structure for table `tb_pemain`
--

CREATE TABLE `tb_pemain` (
  `id_pemain` int(11) NOT NULL,
  `nama` varchar(255) NOT NULL,
  `posisi` varchar(255) NOT NULL,
  `usia` int(11) NOT NULL,
  `rating` int(11) NOT NULL,
  `foto` varchar(255) NOT NULL,
  `id_club` int(11) NOT NULL
) ENGINE=InnoDB DEFAULT CHARSET=utf8mb4 COLLATE=utf8mb4_general_ci;

--
-- Dumping data for table `tb_pemain`
--

INSERT INTO `tb_pemain` (`id_pemain`, `nama`, `posisi`, `usia`, `rating`, `foto`, `id_club`) VALUES
(1, 'David de Gea', 'GK', 32, 91, '', 1),
(2, 'Tom Heaton', 'GK', 37, 83, '', 1),
(3, 'Matej Kovář', 'GK', 23, 78, '', 1),
(4, 'Dean Henderson', 'GK', 26, 89, '', 1),
(5, 'Nathan Bishop', 'GK', 23, 75, '', 1),
(6, 'Radek Vítek', 'GK', 19, 67, '', 1),
(7, 'Dermot Mee', 'GK', 20, 65, '', 1),
(8, 'Luke Shaw', 'B(KIT),DM,G(KI)', 27, 91, '', 1),
(9, 'Lisandro Martínez', 'B(KIT),DM(T)', 25, 91, '', 1),
(10, 'Alex Telles', 'B,DM,G(KI)', 30, 90, '', 1),
(11, 'Diogo Dalot', 'B,DM,G(KAKI)', 24, 89, '', 1),
(12, 'Tyrell Malacia', 'B,DM,G(KI)', 23, 88, '', 1),
(13, 'Brandon Williams', 'B(KAKI),DM,G(KI)', 22, 84, '', 1),
(14, 'Álvaro Fernández', 'B,DM,G(KI)', 20, 78, '', 1),
(15, 'Marc Jurado', 'B,DM(KAKI)', 19, 67, '', 1),
(16, 'Björn Hardley', 'B(KIT)', 20, 65, '', 1),
(17, 'Logan Pye', 'B(KIT),DM,G(KI)', 19, 65, '', 1),
(18, 'Raphaël Varane', 'B(T)', 30, 93, '', 1),
(19, 'Harry Maguire', 'B(T)', 30, 91, '', 1),
(20, 'Victor Lindelöf', 'B(T)', 28, 90, '', 1),
(21, 'Scott Mctominay', 'B,DM,G(T)', 26, 90, '', 1),
(22, 'Eric Bailly', 'B(T)', 29, 88, '', 1),
(23, 'Teden Mengi', 'B(T)', 21, 76, '', 1),
(24, 'Will Fish', 'B(T)', 20, 70, '', 1),
(25, 'Rhys Bennett', 'B(T)', 31, 67, '', 1),
(26, 'Toby Collyer', 'B,DM,G(T)', 19, 65, '', 1),
(27, 'Tyler Fredricson', 'B(T)', 18, 65, '', 1),
(28, 'Aaron Wan-Bissaka', 'B,DM,G(KA)', 25, 89, '', 1),
(29, 'Ethan Laird', 'B,DM,G(KA)', 21, 82, '', 1),
(30, 'Carlos Casemiro', 'DM,G(T)', 31, 94, '', 1),
(31, 'Christian Eriksen', 'DM,G,AM(T)', 31, 91, '', 1),
(32, 'Rodrigues Fred', 'DM,G(T)', 30, 90, '', 1),
(33, 'Tom Huddlestone', 'DM,G(T)', 36, 78, '', 1),
(34, 'Charlie Savage', 'DM,G(T)', 20, 70, '', 1),
(35, 'Maxi Oyedele', 'DM,G(T)', 18, 65, '', 1),
(36, 'Kobbie Mainoo', 'DM,G,AM(T)', 18, 65, '', 1),
(37, 'Bruno Fernandes', 'G(T),AM(KAT)', 28, 94, '', 1),
(38, 'Donny van de Beek', 'G,AM(T)', 26, 89, '', 1),
(39, 'Mejbri Hannibal', 'G(T),AM(KAKIT)', 20, 82, '', 1),
(40, 'Zidane Iqbal', 'G(T),AM(KIT)', 20, 70, '', 1),
(41, 'Isak Hansen-Aaröen', 'G,AM(T)', 18, 65, '', 1),
(42, 'Daniel Gore', 'G,AM(T)', 18, 65, '', 1),
(43, 'Marcus Rashford', 'AM(KAKI),P(KAKIT)', 25, 93, '', 1),
(44, 'Jadon Sancho', 'AM(KAKIT),P(KAKI)', 23, 91, '', 1),
(45, 'Santos Antony', 'AM,P(KAKI)', 23, 91, '', 1),
(46, 'Anthony Martial', 'AM(KAKI),P(KAKIT)', 27, 90, '', 1),
(47, 'Anthony Elanga', 'AM(KAKI),P(KAKIT)', 21, 85, '', 1),
(48, 'Amad Diallo', 'AM(KAKIT),P(KAKI)', 20, 83, '', 1),
(49, 'Facundo Pellistri', 'AM,P(KAKI)', 21, 82, '', 1),
(50, 'Alejandro Garnacho', 'AM,P(KAKI)', 18, 80, '', 1),
(51, 'Shola Shoretire', 'AM(KAKIT),P(KAKI)', 19, 73, '', 1),
(52, 'Mateo Mejia', 'AM(KAKI),P(KAKIT)', 20, 70, '', 1),
(53, 'Omari Forson', 'AM(KAKIT)', 18, 67, '', 1),
(54, 'Noam Emeran', 'AM,P(KAKI)', 20, 65, '', 1),
(55, 'Sam Mather', 'AM(KAKIT),P(KAKI)', 18, 65, '', 1),
(56, 'Ethan Ennis', 'AM,P(KAKIT)', 18, 65, '', 1),
(57, 'Mason Greenwood', 'AM,P(KAT)', 21, 88, '', 1),
(58, 'Charlie Mcneill', 'P(T)', 19, 70, '', 1),
(59, 'Joe Hugill', 'P(T)', 19, 67, '', 1),
(60, 'Becker Alisson', 'GK', 30, 95, '', 2),
(61, 'San Miguel Adrián', 'GK', 36, 83, '', 2),
(62, 'Caoimhin Kelleher', 'GK', 24, 83, '', 2),
(63, 'Vitezslav Jaros', 'GK', 21, 75, '', 2),
(64, 'Harvey Davies', 'GK', 19, 67, '', 2),
(65, 'Jakub Ojrzynski', 'GK', 20, 65, '', 2),
(66, 'Andy Robertson', 'B,DM,G(KI)', 29, 93, '', 2),
(67, 'Kostas Tsimikas', 'B,DM,G(KI)', 27, 88, '', 2),
(68, 'Adam Lewis', 'B,DM(KI),G(KIT)', 23, 73, '', 2),
(69, 'Luke Chambers', 'B(KIT)', 18, 72, '', 2),
(70, 'Owen Beck', 'B,DM,G(KI)', 20, 70, '', 2),
(71, 'James Norris', 'B,DM,G(KI)', 20, 63, '', 2),
(72, 'Virgil van Dijk', 'B(T)', 31, 95, '', 2),
(73, 'Joël Matip', 'B(T)', 31, 92, '', 2),
(74, 'Joe Gomez', 'B(KAT)', 26, 90, '', 2),
(75, 'Ibrahima Konaté', 'B(T)', 24, 90, '', 2),
(76, 'Nathaniel Phillips', 'B(T)', 26, 85, '', 2),
(77, 'Sepp van Den Berg', 'B(KAT),DM,G(KA)', 21, 82, '', 2),
(78, 'Rhys Williams', 'B(T)', 22, 82, '', 2),
(79, 'Stefan Bajcetic', 'B,DM,G(T)', 18, 76, '', 2),
(80, 'Billy Koumetio', 'B(T)', 20, 75, '', 2),
(81, 'Jarell Quansah', 'B(KAT)', 20, 70, '', 2),
(82, 'Trent Alexander-Arnold', 'B(KA),DM,G(KAT)', 24, 94, '', 2),
(83, 'Calvin Ramsay', 'B,DM,G(KA)', 19, 80, '', 2),
(84, 'Conor Bradley', 'B,DM,G(KA)', 19, 77, '', 2),
(85, 'Tom Hill', 'B,DM(KA),G(KAT)', 20, 65, '', 2),
(86, 'Isaac Mabaya', 'B(KA),DM,G(KAT)', 18, 65, '', 2),
(87, 'Alcântara Thiago', 'DM,G(T)', 32, 94, '', 2),
(88, 'Tavares Fabinho', 'DM,G(T)', 29, 93, '', 2),
(89, 'Jordan Henderson', 'DM,G(T)', 33, 92, '', 2),
(90, 'Alexis Mac Allister', 'DM,G,AM(T)', 24, 90, '', 2),
(91, 'Tyler Morton', 'DM,G,AM(T)', 20, 82, '', 2),
(92, 'Jay Spearing', 'DM,G(T)', 34, 76, '', 2),
(93, 'Matteo Ritaccio', 'DM,G(T)', 21, 65, '', 2),
(94, 'Dominic Corness', 'DM,G(T)', 20, 65, '', 2),
(95, 'Curtis Jones', 'G,AM(KIT)', 22, 87, '', 2),
(96, 'Bobby Clark', 'G,AM(KIT)', 18, 70, '', 2),
(97, 'Harvey Elliott', 'G(T),AM(KAKIT)', 20, 85, '', 2),
(98, 'Fábio Carvalho', 'G(T),AM(KAKIT)', 20, 85, '', 2),
(99, 'James Balagizi', 'G(T),AM(KAKIT)', 19, 67, '', 2),
(100, 'Melkamu Frauendorf', 'G(T),AM(KAKIT)', 19, 65, '', 2),
(101, 'Diogo Jota', 'AM,P(KAKIT)', 26, 92, '', 2),
(102, 'Luis Díaz', 'AM,P(KAKI)', 26, 92, '', 2),
(103, 'Darwin Núñez', 'AM(KI),P(KIT)', 24, 90, '', 2),
(104, 'Cody Gakpo', 'AM,P(KAKIT)', 24, 90, '', 2),
(105, 'Kaide Gordon', 'AM(KAKIT)', 18, 70, '', 2),
(106, 'Mateusz Musialowski', 'AM(KAKIT)', 19, 70, '', 2),
(107, 'Ben Doak', 'AM(KAKIT)', 17, 70, '', 2),
(108, 'Harvey Blair', 'AM,P(KAKI)', 19, 65, '', 2),
(109, 'Max Woltman', 'AM,P(T)', 19, 65, '', 2),
(110, 'Mohamed Salah', 'AM(KA),P(KAT)', 31, 96, '', 2),
(111, 'Paul Glatzel', 'P(T)', 22, 70, '', 2),
(112, 'Layton Stewart', 'P(T)', 20, 67, '', 2),
(113, 'Oakley Cannonier', 'P(T)', 19, 67, '', 2),
(114, 'Moraes Ederson', 'GK', 29, 94, '', 3),
(115, 'Stefan Ortega', 'GK', 30, 87, '', 3),
(116, 'Zack Steffen', 'GK', 28, 85, '', 3),
(117, 'Scott Carson', 'GK', 37, 80, '', 3),
(118, 'James Trafford', 'GK', 20, 79, '', 3),
(119, 'Cieran Slicker', 'GK', 20, 67, '', 3),
(120, 'Mikki van Sas', 'GK', 19, 65, '', 3),
(121, 'João Cancelo', 'B,DM,G(KAKI)', 29, 94, '', 3),
(122, 'Aymeric Laporte', 'B(KIT)', 29, 92, '', 3),
(123, 'Nathan Aké', 'B(KIT)', 28, 90, '', 3),
(124, 'Manuel Akanji', 'B(KAKIT)', 27, 90, '', 3),
(125, 'Sergio Gómez', 'B,DM(KI),G(KIT)', 22, 86, '', 3),
(126, 'Callum Doyle', 'B(KIT)', 19, 82, '', 3),
(127, 'Rico Lewis', 'B(KAKI),DM,G(KAKIT)', 18, 80, '', 3),
(128, 'Josh Wilson-Esbrand', 'B,DM,G(KI)', 20, 76, '', 3),
(129, 'Tomas Galvez', 'B,DM,G(KI)', 18, 70, '', 3),
(130, 'Hernández Rodri', 'B,DM,G(T)', 27, 93, '', 3),
(131, 'Rúben Dias', 'B(T)', 26, 93, '', 3),
(132, 'Kyle Walker', 'B(KAT),DM,G(KA)', 33, 92, '', 3),
(133, 'John Stones', 'B,DM(KAT)', 29, 92, '', 3),
(134, 'Kalvin Phillips', 'B,DM,G(T)', 27, 90, '', 3),
(135, 'Taylor Harwood-Bellis', 'B(T)', 21, 84, '', 3),
(136, 'Luke Mbete', 'B(T)', 19, 75, '', 3),
(137, 'Finley Burns', 'B(T)', 20, 70, '', 3),
(138, 'Shea Charles', 'B(KAT),DM(T)', 19, 65, '', 3),
(139, 'Issa Kaboré', 'B,DM,G(KA)', 22, 84, '', 3),
(140, 'Yan Couto', 'B,DM,G(KA)', 21, 83, '', 3),
(141, 'Kluiverth Aguilar', 'B,DM,G(KA)', 20, 73, '', 3),
(142, 'Ilkay Gündoğan', 'DM,G,AM(T)', 32, 93, '', 3),
(143, 'Yangel Herrera', 'DM,AM(T),G(KAKIT)', 25, 88, '', 3),
(144, 'Tommy Doyle', 'DM,G(T)', 21, 83, '', 3),
(145, 'Máximo Perrone', 'DM,G(T)', 20, 80, '', 3),
(146, 'Iker Pozo', 'DM,G(T)', 22, 75, '', 3),
(147, 'Alex Robertson', 'DM,G,AM(T)', 20, 65, '', 3),
(148, 'Kevin de Bruyne', 'G,AM(T)', 31, 96, '', 3),
(149, 'Bernardo Silva', 'G,AM(KAT)', 28, 94, '', 3),
(150, 'Phil Foden', 'G(T),AM,P(KAKIT)', 23, 93, '', 3),
(151, 'James Mcatee', 'G,AM,P(T)', 20, 82, '', 3),
(152, 'Lewis Fiorini', 'G(T),AM(KAKIT)', 21, 78, '', 3),
(153, 'Cole Palmer', 'G(T),AM(KAKIT)', 21, 78, '', 3),
(154, 'Jack Grealish', 'AM(KIT),P(KI)', 27, 91, '', 3),
(155, 'Julián Álvarez', 'AM,P(KAKIT)', 23, 90, '', 3),
(156, 'Filip Stevanović', 'AM,P(KAKI)', 20, 83, '', 3),
(157, 'Morgan Rogers', 'AM(KAKI),P(KAKIT)', 20, 76, '', 3),
(158, 'Carlos Borges', 'AM,P(KAKI)', 19, 70, '', 3),
(159, 'Adedire Mebude', 'AM,P(KAKI)', 19, 67, '', 3),
(160, 'Oscar Bobb', 'AM,P(KAKIT)', 19, 65, '', 3),
(161, 'Micah Hamilton', 'AM(KAKIT),P(KAKI)', 19, 65, '', 3),
(162, 'Riyad Mahrez', 'AM(KAT),P(KA)', 32, 92, '', 3),
(163, 'Darío Sarmiento', 'AM,P(KAT)', 20, 75, '', 3),
(164, 'Ben Knight', 'AM,P(KAT)', 21, 68, '', 3),
(165, 'Erling Haaland', 'P(T)', 22, 95, '', 3),
(166, 'Slobodan Tedić', 'P(T)', 23, 82, '', 3),
(167, 'Liam Delap', 'P(T)', 20, 77, '', 3),
(168, 'Tai Sodje', 'P(T)', 19, 65, '', 3),
(169, 'Aaron Ramsdale', 'GK', 25, 90, '', 4),
(170, 'Matt Turner', 'GK', 29, 86, '', 4),
(171, 'Rúnar Alex Rúnarsson', 'GK', 28, 82, '', 4),
(172, 'Arthur Okonkwo', 'GK', 21, 78, '', 4),
(173, 'Karl Hein', 'GK', 21, 76, '', 4),
(174, 'James Hillson', 'GK', 22, 65, '', 4),
(175, 'Kieran Tierney', 'B(KIT),DM,G(KI)', 26, 90, '', 4),
(176, 'Oleksandr Zinchenko', 'B,DM(KI),G,AM(KIT)', 26, 90, '', 4),
(177, 'Takehiro Tomiyasu', 'B(KAKIT)', 24, 89, '', 4),
(178, 'Cédric Soares', 'B,DM,G(KAKI)', 31, 87, '', 4),
(179, 'Nuno Tavares', 'B,DM,G(KI)', 23, 86, '', 4),
(180, 'Jakub Kiwior', 'B(KIT),DM(T)', 23, 85, '', 4),
(181, 'Ryan Alebiosu', 'B,DM,G(KAKI)', 21, 72, '', 4),
(182, 'Mazeed Ogungbo', 'B(KIT),DM(KI)', 20, 70, '', 4),
(183, 'Lino Sousa', 'B(KIT),DM,G(KI)', 18, 70, '', 4),
(184, 'Ben White', 'B(KAT),DM(T)', 25, 90, '', 4),
(185, 'Gabriel Magalhães', 'B(T)', 25, 90, '', 4),
(186, 'William Saliba', 'B(T)', 22, 90, '', 4),
(187, 'Rob Holding', 'B(T)', 27, 88, '', 4),
(188, 'Auston Trusty', 'B(T)', 24, 83, '', 4),
(189, 'Brooke Norton-Cuffy', 'B(KAT),DM,G(KA)', 19, 80, '', 4),
(190, 'Omar Rekik', 'B(T)', 21, 75, '', 4),
(191, 'Reuell Walters', 'B(KAT),DM,G(KA)', 18, 70, '', 4),
(192, 'Bradley Ibrahim', 'B,DM(T)', 18, 70, '', 4),
(193, 'Alex Kirk', 'B(T)', 20, 68, '', 4),
(194, 'Zane Monlouis', 'B(T)', 19, 65, '', 4),
(195, 'Taylor Foran', 'B(T)', 19, 65, '', 4),
(196, 'Frello Jorginho', 'DM,G(T)', 31, 92, '', 4),
(197, 'Thomas Partey', 'DM,G(T)', 30, 92, '', 4),
(198, 'Granit Xhaka', 'DM,G(T)', 30, 91, '', 4),
(199, 'Mohamed Elneny', 'DM,G(T)', 30, 87, '', 4),
(200, 'Albert Sambi Lokonga', 'DM,G(T)', 23, 87, '', 4),
(201, 'Charlie Patino', 'DM,G,AM(T)', 19, 80, '', 4),
(202, 'Miguel Azeez', 'DM,G(T)', 20, 70, '', 4),
(203, 'Salah Eddine Oulad M\'Hand', 'DM,G,AM(T)', 19, 70, '', 4),
(204, 'Tim Akinola', 'DM,G(T)', 22, 67, '', 4),
(205, 'Myles Lewis-Skelly', 'DM,G(T)', 16, 65, '', 4),
(206, 'Mauro Bandeira', 'DM,G(T)', 19, 65, '', 4),
(207, 'Bukayo Saka', 'G,AM,P(KAKI)', 21, 92, '', 4),
(208, 'Leandro Trossard', 'G(KAKI),AM,P(KAKIT)', 28, 90, '', 4),
(209, 'Martin Odegaard', 'G(T),AM(KAKIT)', 24, 92, '', 4),
(210, 'Emile Smith Rowe', 'G(T),AM(KAKIT)', 22, 88, '', 4),
(211, 'Fábio Vieira', 'G(T),AM(KAKIT)', 23, 86, '', 4),
(212, 'Ben Cottrell', 'G,AM(T)', 21, 70, '', 4),
(213, 'Catalin Cirjan', 'G,AM(T)', 20, 67, '', 4),
(214, 'Gabriel Jesus', 'AM(KAKI),P(KAKIT)', 26, 92, '', 4),
(215, 'Gabriel Martinelli', 'AM(KAKI),P(KAKIT)', 22, 90, '', 4),
(216, 'Folarin Balogun', 'AM(KAKI),P(KAKIT)', 21, 85, '', 4),
(217, 'Reiss Nelson', 'AM(KAKIT),P(KAKI)', 23, 83, '', 4),
(218, 'Alencar Marquinhos', 'AM(KAKI),P(KAKIT)', 20, 80, '', 4),
(219, 'Charles Sagoe Junior', 'AM(KAKIT)', 18, 65, '', 4),
(220, 'Ethan Nwaneri', 'AM,P(KAKIT)', 16, 65, '', 4),
(221, 'Amario Cozier-Duberry', 'AM(KAKIT)', 18, 65, '', 4),
(222, 'Nathan Butler-Oyedeji', 'AM(KAKI),P(KAKIT)', 20, 65, '', 4),
(223, 'Tyreece John-Jules', 'AM,P(T)', 22, 75, '', 4),
(224, 'Nicolas Pépé', 'AM(KA),P(KAT)', 28, 89, '', 4),
(225, 'Eddie Nketiah', 'P(T)', 24, 87, '', 4),
(226, 'Mika Biereth', 'P(T)', 20, 73, '', 4),
(227, 'Khayon Edwards', 'P(T)', 19, 65, '', 4),
(228, 'Édouard Mendy', 'GK', 31, 92, '', 5),
(229, 'Kepa Arrizabalaga', 'GK', 28, 88, '', 5),
(230, 'Marcus Bettinelli', 'GK', 31, 83, '', 5),
(231, 'Gabriel Slonina', 'GK', 19, 82, '', 5),
(232, 'Jamie Cumming', 'GK', 23, 77, '', 5),
(233, 'Teddy Sharman-Lowe', 'GK', 20, 65, '', 5),
(234, 'Lucas Bergström', 'GK', 20, 65, '', 5),
(235, 'César Azpilicueta', 'B(KAKIT),DM(KAKI)', 33, 90, '', 5),
(236, 'Ben Chilwell', 'B,DM,G(KI)', 26, 90, '', 5),
(237, 'Marc Cucurella', 'B(KIT),DM,G(KI)', 24, 90, '', 5),
(238, 'Malang Sarr', 'B(KIT)', 24, 87, '', 5),
(239, 'Ian Maatsen', 'B(KIT),DM,G(KI)', 21, 84, '', 5),
(240, 'Abdul Rahman Baba', 'B,DM,G(KI)', 28, 82, '', 5),
(241, 'Levi Colwill', 'B(KIT)', 20, 82, '', 5),
(242, 'Lewis Hall', 'B(KI),DM,G(KIT)', 18, 73, '', 5),
(243, 'Dylan Williams', 'B,DM(KI),G(KIT)', 19, 70, '', 5),
(244, 'Kalidou Koulibaly', 'B(T)', 32, 93, '', 5),
(245, 'Thiago Silva', 'B(T)', 38, 92, '', 5),
(246, 'Reece James', 'B(KAT),DM,G(KA)', 23, 92, '', 5),
(247, 'Benoît Badiashile', 'B(T)', 22, 89, '', 5),
(248, 'Wesley Fofana', 'B(T)', 22, 88, '', 5),
(249, 'Trevoh Chalobah', 'B(KAT)', 23, 87, '', 5),
(250, 'Ethan Ampadu', 'B,DM(T)', 22, 86, '', 5),
(251, 'Malo Gusto', 'B(KAT),DM,G(KA)', 20, 86, '', 5),
(252, 'Bashir Humphreys', 'B,DM(T)', 20, 73, '', 5),
(253, 'Josh Brooking', 'B(KAT),DM(KA)', 20, 65, '', 5),
(254, 'Dion Rankine', 'B,DM(KA),G,AM(KAKI)', 20, 65, '', 5),
(255, 'Mateo Kovačić', 'DM,G(T)', 29, 92, '', 5),
(256, 'Enzo Fernández', 'DM,G(T)', 22, 90, '', 5),
(257, 'Ruben Loftus-Cheek', 'DM(T),G,AM(KAT)', 27, 88, '', 5),
(258, 'Conor Gallagher', 'DM,G,AM(T)', 23, 88, '', 5),
(259, 'Carney Chukwuemeka', 'DM,G,AM(T)', 19, 78, '', 5),
(260, 'Cesare Casadei', 'DM,G,AM(T)', 20, 76, '', 5),
(261, 'Charlie Webster', 'DM,G,AM(T)', 19, 65, '', 5),
(262, 'Christian Pulisic', 'G(KAKI),AM,P(KAKIT)', 24, 91, '', 5),
(263, 'Callum Hudson-Odoi', 'G(KAKI),AM(KAKIT)', 22, 88, '', 5),
(264, 'Mason Mount', 'G(T),AM(KAKIT)', 24, 92, '', 5),
(265, 'Tino Anjorin', 'G(T),AM(KAKIT)', 21, 77, '', 5),
(266, 'Harvey Vale', 'G(T),AM(KAKIT)', 19, 73, '', 5),
(267, 'Omari Hutchinson', 'G(T),AM(KAT)', 19, 67, '', 5),
(268, 'Leo Castledine', 'G(T),AM(KAKIT)', 17, 65, '', 5),
(269, 'Raheem Sterling', 'AM(KAKI),P(KAKIT)', 28, 93, '', 5),
(270, 'Pierre-Emerick Aubameyang', 'AM(KI),P(KIT)', 34, 92, '', 5),
(271, 'Christopher Nkunku', 'AM,P(KAKIT)', 25, 92, '', 5),
(272, 'Hakim Ziyech', 'AM(KAKIT),P(KAKI)', 30, 91, '', 5),
(273, 'Mykhailo Mudryk', 'AM,P(KAKI)', 22, 88, '', 5),
(274, 'Noni Madueke', 'AM,P(KAKIT)', 21, 85, '', 5),
(275, 'David Datro Fofana', 'AM(KAKI),P(KAKIT)', 20, 82, '', 5),
(276, 'Jimmy-Jay Morgan', 'AM,P(KAKIT)', 17, 65, '', 5),
(277, 'Dujuan Richards', 'AM(KAKI),P(KAKIT)', 17, 65, '', 5),
(278, 'Kai Havertz', 'AM,P(KAT)', 24, 91, '', 5),
(279, 'Romelu Lukaku', 'P(T)', 30, 93, '', 5),
(280, 'Armando Broja', 'P(T)', 21, 86, '', 5),
(281, 'Mason Burstow', 'P(T)', 19, 70, '', 5),
(282, 'Hugo Lloris', 'GK', 36, 92, '', 6),
(283, 'Fraser Forster', 'GK', 35, 85, '', 6),
(284, 'Alfie Whiteman', 'GK', 24, 76, '', 6),
(285, 'Brandon Austin', 'GK', 24, 73, '', 6),
(286, 'Josh Keeley', 'GK', 20, 65, '', 6),
(287, 'Sergio Reguilón', 'B,DM,G(KI)', 26, 90, '', 6),
(288, 'Ben Davies', 'B(KIT),DM(KI)', 30, 89, '', 6),
(289, 'Ryan Sessegnon', 'B,DM,G,AM(KI)', 23, 87, '', 6),
(290, 'Destiny Udogie', 'B,DM,G(KI)', 20, 86, '', 6),
(291, 'Harvey White', 'B(KIT),DM(T)', 21, 73, '', 6),
(292, 'Charlie Sayers', 'B,DM,G(KI)', 19, 60, '', 6),
(293, 'Cristian Romero', 'B(T)', 25, 91, '', 6),
(294, 'Eric Dier', 'B,DM(T)', 29, 90, '', 6),
(295, 'Davinson Sánchez', 'B(T)', 27, 89, '', 6),
(296, 'Joe Rodon', 'B(T)', 25, 85, '', 6),
(297, 'Japhet Tanganga', 'B(KAT)', 24, 83, '', 6),
(298, 'Maksim Paskotši', 'B(T)', 20, 70, '', 6),
(299, 'Matthew Craig', 'B(KAT),DM(T)', 20, 70, '', 6),
(300, 'Brooklyn Lyons-Foster', 'B,DM(T)', 22, 65, '', 6),
(301, 'Emerson Royal', 'B,DM,G(KA)', 24, 89, '', 6),
(302, 'Pedro Porro', 'B,DM,G(KA)', 23, 88, '', 6),
(303, 'Djed Spence', 'B,DM,G(KA)', 22, 85, '', 6),
(304, 'Tyrell Ashcroft', 'B(KA),DM,G(KAT)', 18, 70, '', 6),
(305, 'Pierre-Emile Hojbjerg', 'DM,G(T)', 27, 91, '', 6),
(306, 'Rodrigo Bentancur', 'DM,G(T)', 25, 91, '', 6),
(307, 'Tanguy Ndombélé', 'DM,G,AM(T)', 26, 90, '', 6),
(308, 'Yves Bissouma', 'DM,G,AM(T)', 26, 90, '', 6),
(309, 'Harry Winks', 'DM,G(T)', 27, 88, '', 6),
(310, 'Oliver Skipp', 'DM,G(T)', 22, 86, '', 6),
(311, 'Pape Matar Sarr', 'DM,G,AM(T)', 20, 85, '', 6),
(312, 'Yago Santiago', 'DM,G,AM(T)', 20, 65, '', 6),
(313, 'Ivan Perišić', 'G,AM(KAKI)', 34, 91, '', 6),
(314, 'Giovani Lo Celso', 'G(T),AM(KAKIT)', 27, 90, '', 6),
(315, 'Alfie Devine', 'G(T),AM(KAKIT)', 18, 73, '', 6),
(316, 'Nile John', 'G(T),AM(KAKIT)', 20, 67, '', 6),
(317, 'Rio Kyerematen', 'G,AM(T)', 18, 65, '', 6),
(318, 'Heung-Min Son', 'AM,P(KAKIT)', 30, 95, '', 6),
(319, 'Andrade Richarlison', 'AM(KAKI),P(KAKIT)', 26, 91, '', 6),
(320, 'Bryan Gil', 'AM(KAKIT),P(KAKI)', 22, 87, '', 6),
(321, 'Troy Parrott', 'AM,P(KAKIT)', 21, 78, '', 6),
(322, 'Harry Kane', 'AM,P(T)', 29, 95, '', 6),
(323, 'Dejan Kulusevski', 'AM(KAT),P(KA)', 23, 91, '', 6),
(324, 'Jude Soonsup-Bell', 'AM,P(T)', 19, 70, '', 6),
(325, 'Jamie Donley', 'AM,P(T)', 18, 65, '', 6),
(326, 'Mikey Moore', 'AM,P(T)', 15, 65, '', 6),
(327, 'Dane Scarlett', 'P(T)', 19, 76, '', 6),
(328, 'Marc-André Ter Stegen', 'GK', 31, 93, '', 7),
(329, 'Iñaki Peña', 'GK', 24, 82, '', 7),
(330, 'Arnau Tenas', 'GK', 22, 80, '', 7),
(331, 'Ander Astralaga', 'GK', 19, 65, '', 7),
(332, 'Áron Yaakobishvili', 'GK', 16, 65, '', 7),
(333, 'Nil Ruiz', 'GK', 20, 65, '', 7),
(334, 'Arnau Rafús', 'GK', 20, 65, '', 7),
(335, 'Marcos Alonso', 'B(KIT),DM,G(KI)', 32, 89, '', 7),
(336, 'Sergiño Dest', 'B,DM,G,AM(KAKI)', 22, 88, '', 7),
(337, 'Alejandro Balde', 'B,DM,G(KAKI)', 19, 86, '', 7),
(338, 'Niko Takahashi', 'B(KIT),DM(KI)', 17, 65, '', 7),
(339, 'Jules Koundé', 'B(KAT)', 24, 92, '', 7),
(340, 'Andreas Christensen', 'B(T)', 27, 90, '', 7),
(341, 'Ronald Araújo', 'B(KAT)', 24, 90, '', 7),
(342, 'Clément Lenglet', 'B(T)', 28, 89, '', 7),
(343, 'Éric García', 'B,DM(T)', 22, 88, '', 7),
(344, 'Samuel Umtiti', 'B(T)', 29, 86, '', 7),
(345, 'Chadi Riad', 'B(T)', 20, 75, '', 7),
(346, 'Pelayo Fernández', 'B(T)', 20, 73, '', 7),
(347, 'Diego Almeida', 'B(KAT),DM(T)', 19, 70, '', 7),
(348, 'Arnau Casas', 'B(KAT)', 19, 65, '', 7),
(349, 'Martin Georgiev', 'B(T)', 17, 65, '', 7),
(350, 'Landry Farré', 'B(T)', 16, 65, '', 7),
(351, 'Sergi Roberto', 'B(KA),DM,G(KAT)', 31, 89, '', 7),
(352, 'Julián Araujo', 'B,DM,G(KA)', 21, 85, '', 7),
(353, 'Álvaro Núñez', 'B,DM(KA)', 22, 75, '', 7),
(354, 'Sergi Rosanas', 'B,DM(KA)', 22, 67, '', 7),
(355, 'Frenkie de Jong', 'DM,G(T)', 26, 93, '', 7),
(356, 'Franck Kessié', 'DM,G,AM(T)', 26, 91, '', 7),
(357, 'Nico González', 'DM,G(T)', 21, 86, '', 7),
(358, 'Marc Casadó', 'DM,G(T)', 19, 70, '', 7),
(359, 'Aleix Garrido', 'DM,G(T)', 19, 65, '', 7),
(360, 'Gonzalez Pedri', 'G,AM(KIT)', 20, 92, '', 7),
(361, 'Pablo Gavi', 'G(T),AM(KAKIT)', 18, 90, '', 7),
(362, 'Álex Collado', 'G(T),AM(KAKIT)', 24, 85, '', 7),
(363, 'Pablo Torre', 'G(T),AM(KAKIT)', 20, 80, '', 7),
(364, 'Àlex Carbonell', 'G(T),AM(KAKIT)', 25, 78, '', 7),
(365, 'Txus Alba', 'G,AM(T)', 20, 70, '', 7),
(366, 'Cristo Muñoz', 'G,AM(T)', 18, 67, '', 7),
(367, 'Dani Rodríguez', 'G(T),AM(KAKIT)', 17, 65, '', 7),
(368, 'Unai Hernández', 'G,AM(T)', 18, 65, '', 7),
(369, 'Ousmane Dembélé', 'AM(KAKI),P(KAKIT)', 26, 92, '', 7),
(370, 'Belloli Raphinha', 'AM,P(KAKI)', 26, 91, '', 7),
(371, 'Ferrán Torres', 'AM(KAKI),P(KAKIT)', 23, 90, '', 7),
(372, 'Ansu Fati', 'AM(KAKI),P(KAKIT)', 20, 88, '', 7),
(373, 'Abde Ezzalzouli', 'AM,P(KAKI)', 21, 82, '', 7),
(374, 'Hiroki Abe', 'AM,P(KAKIT)', 24, 80, '', 7),
(375, 'Ilias Akhomach', 'AM,P(KAKIT)', 19, 76, '', 7),
(376, 'Gustavo Maia', 'AM,P(KAKI)', 22, 73, '', 7),
(377, 'Antonio Aranda', 'AM(KAKIT)', 22, 73, '', 7),
(378, 'Lucas Román', 'AM,P(KAKIT)', 19, 73, '', 7),
(379, 'Juanda Fuentes', 'AM(KAKIT)', 20, 73, '', 7),
(380, 'Ángel Alarcón', 'AM(KAKI),P(KAKIT)', 19, 70, '', 7),
(381, 'Estanis Pedrola', 'AM,P(KAKI)', 19, 70, '', 7),
(382, 'Zacarías Ghailán', 'AM,P(KAKI)', 20, 70, '', 7),
(383, 'Arnau Pradas', 'AM(KAKIT),P(KAKI)', 17, 65, '', 7),
(384, 'Lamine Yamal', 'AM(KAKIT),P(KAKI)', 15, 65, '', 7),
(385, 'Fabián Luzzi', 'AM,P(T)', 19, 70, '', 7),
(386, 'João Mendes', 'AM,P(T)', 18, 65, '', 7),
(387, 'Robert Lewandowski', 'P(T)', 34, 97, '', 7),
(388, 'Thibaut Courtois', 'GK', 31, 94, '', 8),
(389, 'Andriy Lunin', 'GK', 24, 85, '', 8),
(390, 'Mario de Luis', 'GK', 21, 76, '', 8),
(391, 'Luis López', 'GK', 22, 73, '', 8),
(392, 'Lucas Cañizares', 'GK', 21, 70, '', 8),
(393, 'David Alaba', 'B,DM,G(KIT)', 31, 94, '', 8),
(394, 'Ferland Mendy', 'B,DM,G(KI)', 28, 91, '', 8),
(395, 'Eduardo Camavinga', 'B(KI),DM,G(KIT)', 20, 90, '', 8),
(396, 'Nacho Fernández', 'B(KAKIT)', 33, 89, '', 8),
(397, 'Fran García', 'B,DM,G,AM(KI)', 23, 87, '', 8),
(398, 'Pablo Ramón', 'B(KAKIT)', 21, 73, '', 8),
(399, 'Rafael Obrador', 'B,DM(KAKI)', 19, 67, '', 8),
(400, 'Lucas Alcázar', 'B,DM,G,AM(KI)', 20, 65, '', 8),
(401, 'Antonio Rüdiger', 'B(KAT)', 30, 92, '', 8),
(402, 'Éder Militão', 'B(KAT)', 25, 92, '', 8),
(403, 'Jesús Vallejo', 'B(T)', 26, 86, '', 8),
(404, 'Rafa Marín', 'B(T)', 21, 75, '', 8),
(405, 'Garzón Marvel', 'B(T)', 20, 73, '', 8),
(406, 'Álvaro Carrillo', 'B(KAT)', 21, 73, '', 8),
(407, 'Daniel Carvajal', 'B,DM,G(KA)', 31, 92, '', 8),
(408, 'Lucas Vázquez', 'B,DM,G,AM(KA)', 31, 89, '', 8),
(409, 'Álvaro Odriozola', 'B,DM,G(KA)', 27, 88, '', 8),
(410, 'Álex Jiménez', 'B,DM,G(KA)', 18, 65, '', 8),
(411, 'David Jiménez', 'B,DM,G(KA)', 19, 65, '', 8),
(412, 'Luka Modrić', 'DM,G,AM(T)', 37, 94, '', 8),
(413, 'Toni Kroos', 'DM,G(T)', 33, 94, '', 8),
(414, 'Jude Bellingham', 'DM(T),G,AM(KAKIT)', 19, 93, '', 8),
(415, 'Aurélien Tchouameni', 'DM,G(T)', 23, 92, '', 8),
(416, 'Carlos Dotor', 'DM(T),G,AM(KIT)', 22, 78, '', 8),
(417, 'Javi Villar', 'DM,G(T)', 20, 73, '', 8),
(418, 'Álvaro Martín', 'G,AM(KAKI)', 22, 73, '', 8),
(419, 'Federico Valverde', 'G,AM(KAT)', 24, 93, '', 8),
(420, 'Dani Ceballos', 'G,AM(T)', 26, 89, '', 8),
(421, 'Mario Martín', 'G,AM(T)', 19, 73, '', 8),
(422, 'Théo Zidane', 'G,AM(T)', 21, 70, '', 8),
(423, 'Julen Jon Guerrero', 'G,AM,P(T)', 19, 70, '', 8),
(424, 'David González', 'G,AM(T)', 21, 70, '', 8),
(425, 'Nico Paz', 'G,AM(T)', 18, 70, '', 8),
(426, 'Vinícius Júnior', 'AM(KI),P(KIT)', 22, 93, '', 8),
(427, 'Goes Rodrygo', 'AM(KAKI),P(KAKIT)', 22, 91, '', 8),
(428, 'Brahim Díaz', 'AM(KAKIT),P(KAKI)', 23, 89, '', 8),
(429, 'Jesus Reinier', 'AM,P(KAKIT)', 21, 83, '', 8),
(430, 'Sergio Arribas', 'AM(KAKIT),P(KAKI)', 21, 80, '', 8),
(431, 'Peter González', 'AM,P(KAKI)', 20, 78, '', 8),
(432, 'Óscar Aranda', 'AM(KAKI)', 21, 76, '', 8),
(433, 'Álvaro Rodríguez', 'AM(KAKI),P(KAKIT)', 18, 76, '', 8),
(434, 'Rodrigo Farofa', 'AM,P(KAKIT)', 23, 73, '', 8),
(435, 'Jaume Jardí', 'AM(KAKIT),P(KAKI)', 21, 70, '', 8),
(436, 'Takuhiro Nakai', 'AM(KAKIT)', 19, 65, '', 8),
(437, 'Gonzalo García', 'AM,P(KAKI)', 19, 65, '', 8),
(438, 'Álvaro Leiva', 'AM,P(T)', 18, 73, '', 8),
(439, 'Juanmi Latasa', 'P(T)', 22, 77, '', 8),
(440, 'Isra Salazar', 'P(T)', 20, 70, '', 8),
(441, 'Noel López', 'P(T)', 20, 70, '', 8),
(442, 'Jan Oblak', 'GK', 30, 94, '', 9),
(443, 'Ivo Grbić', 'GK', 27, 85, '', 9),
(444, 'Reinildo Mandava', 'B(KIT),DM,G(KI)', 29, 90, '', 9),
(445, 'Mario Hermoso', 'B(KIT)', 28, 89, '', 9),
(446, 'Renan Lodi', 'B,DM,G(KI)', 25, 89, '', 9),
(447, 'Manu Sánchez', 'B,DM,G(KI)', 22, 86, '', 9),
(448, 'Stefan Savić', 'B(T)', 32, 92, '', 9),
(449, 'José María Giménez', 'B(T)', 28, 92, '', 9),
(450, 'Axel Witsel', 'B,DM,G(T)', 34, 91, '', 9),
(451, 'Geoffrey Kondogbia', 'B,DM,G(T)', 30, 90, '', 9),
(452, 'Marcos Llorente', 'B(KA),DM,G,AM(KAT)', 28, 92, '', 9),
(453, 'Nahuel Molina', 'B,DM,G(KA)', 25, 89, '', 9),
(454, 'Jorge Koke', 'DM,AM(T),G(KAKIT)', 31, 92, '', 9),
(455, 'Saúl Níguez', 'DM(T),G(KAKIT)', 28, 90, '', 9),
(456, 'Yannick Carrasco', 'G,AM(KAKI)', 29, 91, '', 9),
(457, 'Rodrigo de Paul', 'G(T),AM(KAKIT)', 29, 91, '', 9),
(458, 'Thomas Lemar', 'G(T),AM(KAKIT)', 27, 90, '', 9),
(459, 'Pablo Barrios', 'G,AM(T)', 20, 73, '', 9),
(460, 'Antoine Griezmann', 'AM,P(KAKIT)', 32, 92, '', 9),
(461, 'Álvaro Morata', 'AM(KI),P(KIT)', 30, 91, '', 9),
(462, 'Memphis Depay', 'AM,P(KAKIT)', 29, 91, '', 9),
(463, 'João Félix', 'AM,P(KAKIT)', 23, 91, '', 9),
(464, 'Samuel Lino', 'AM,P(KAKI)', 23, 86, '', 9),
(465, 'Rodrigo Riquelme', 'AM(KAKIT),P(KAKI)', 23, 85, '', 9),
(466, 'Cédric Teguia', 'AM,P(KAKI)', 21, 76, '', 9),
(467, 'Ángel Correa', 'AM,P(KAT)', 28, 91, '', 9),
(468, 'Sergio Camello', 'P(T)', 22, 85, '', 9),
(469, 'Yassine Bounou', 'GK', 32, 90, '', 10),
(470, 'Marko Dmitrović', 'GK', 31, 88, '', 10),
(471, 'Alfonso Pastor', 'GK', 22, 75, '', 10),
(472, 'Alberto Flores', 'GK', 19, 70, '', 10),
(473, 'Marcos Acuña', 'B,DM,G,AM(KI)', 31, 90, '', 10),
(474, 'Ludwig Augustinsson', 'B,DM,G(KI)', 29, 88, '', 10),
(475, 'Karim Rekik', 'B(KIT)', 28, 87, '', 10),
(476, 'Pablo Pérez', 'B,DM,G(KI)', 21, 70, '', 10),
(477, 'Fernando Reges', 'B,DM,G(T)', 35, 90, '', 10),
(478, 'Gonzalo Montiel', 'B(KAT),DM,G(KA)', 26, 89, '', 10),
(479, 'Teixeira Marcão', 'B(T)', 27, 88, '', 10),
(480, 'Nemanja Gudelj', 'B,DM,G(T)', 31, 87, '', 10),
(481, 'Loïc Badé', 'B(T)', 23, 86, '', 10),
(482, 'Tanguy Nianzou', 'B,DM(T)', 21, 85, '', 10),
(483, 'José Angel Carmona', 'B(KAT),DM(KA)', 21, 80, '', 10),
(484, 'Valentino Fattore', 'B(KAT),DM,G(KA)', 21, 76, '', 10),
(485, 'Jesús Navas', 'B,DM,G,AM(KA)', 37, 90, '', 10),
(486, 'Jesús Corona', 'B,DM(KA),G,AM(KAKI)', 30, 90, '', 10),
(487, 'Ryan Johansson', 'B,DM(KA),G(KAT)', 22, 70, '', 10),
(488, 'Ivan Rakitić', 'DM,G,AM(T)', 35, 90, '', 10),
(489, 'Joan Jordán', 'DM,G,AM(T)', 28, 90, '', 10),
(490, 'Thomas Delaney', 'DM,G(T)', 31, 87, '', 10),
(491, 'João Daniel', 'DM,G(T)', 20, 70, '', 10),
(492, 'Lucas Ocampos', 'G,AM(KAKI)', 28, 90, '', 10),
(493, 'Óliver Torres', 'G,AM(KIT)', 28, 89, '', 10),
(494, 'Óscar Rodríguez', 'G(T),AM(KAKIT)', 24, 87, '', 10),
(495, 'Nacho Quintana', 'G(T),AM(KAKIT)', 22, 75, '', 10),
(496, 'Pedro Ortiz', 'G,AM(T)', 22, 73, '', 10),
(497, 'Xavier Sintes', 'G(KAT)', 21, 73, '', 10),
(498, 'Miguel Capitas', 'G,AM(KAT)', 22, 73, '', 10),
(499, 'Lulo Dasilva', 'G(T)', 20, 72, '', 10),
(500, 'Manu Bueno', 'G(T),AM(KIT)', 18, 70, '', 10),
(501, 'Papu Gómez', 'AM,P(KIT)', 35, 90, '', 10),
(502, 'Érik Lamela', 'AM,P(KAKIT)', 31, 89, '', 10),
(503, 'Rafa Mir', 'AM(KAKI),P(KAKIT)', 26, 89, '', 10),
(504, 'Fernández Suso', 'AM(KAKIT)', 29, 88, '', 10),
(505, 'Adnan Januzaj', 'AM(KAKIT),P(KAKI)', 28, 88, '', 10),
(506, 'Rony Lopes', 'AM(KAKIT),P(KAKI)', 27, 87, '', 10),
(507, 'Oussama Idrissi', 'AM,P(KAKI)', 27, 86, '', 10),
(508, 'Luismi Cruz', 'AM,P(KAKIT)', 22, 76, '', 10),
(509, 'Antonio Zarzana', 'AM(KAKIT),P(KAKI)', 21, 73, '', 10),
(510, 'Carlos Álvarez', 'AM,P(KAKIT)', 19, 73, '', 10),
(511, 'Youssef En Nesyri', 'P(T)', 26, 90, '', 10),
(512, 'Musa Drammeh', 'P(T)', 21, 65, '', 10),
(513, 'Pepe Reina', 'GK', 40, 86, '', 11),
(514, 'Filip Jorgensen', 'GK', 21, 80, '', 11),
(515, 'Alfonso Pedraza', 'B,DM,G,AM(KI)', 27, 89, '', 11),
(516, 'Alberto Moreno', 'B,DM,G(KI)', 30, 87, '', 11),
(517, 'Johan Mojica', 'B,DM,G(KI)', 30, 87, '', 11),
(518, 'Kiko Femenía', 'B,DM,G(KAKI)', 32, 85, '', 11),
(519, 'Pau Torres', 'B(T)', 26, 91, '', 11),
(520, 'Raúl Albiol', 'B(T)', 37, 90, '', 11),
(521, 'Juan Foyth', 'B(KAT)', 25, 89, '', 11),
(522, 'Aïssa Mandi', 'B(KAT)', 31, 88, '', 11),
(523, 'Jorge Cuenca', 'B(T)', 23, 86, '', 11),
(524, 'Dani Parejo', 'DM,G(T)', 34, 92, '', 11),
(525, 'Étienne Capoue', 'DM,G(T)', 34, 89, '', 11),
(526, 'Francis Coquelin', 'DM(T),G(KAKIT)', 32, 88, '', 11),
(527, 'Manu Trigueros', 'G(T),AM(KAKIT)', 31, 88, '', 11),
(528, 'Álex Baena', 'G(T),AM(KAKIT)', 21, 85, '', 11),
(529, 'Iván Martín', 'G(T),AM(KAKIT)', 24, 82, '', 11),
(530, 'Antonio Jesús', 'G(T)', 22, 70, '', 11),
(531, 'Arnaut Danjuma', 'AM(KAKI),P(KAKIT)', 26, 90, '', 11),
(532, 'Samuel Chukwueze', 'AM,P(KAKI)', 24, 89, '', 11),
(533, 'Yéremy Pino', 'AM(KAKI),P(KAKIT)', 20, 89, '', 11),
(534, 'José Luis Morales', 'AM(KAKI),P(KAKIT)', 35, 88, '', 11),
(535, 'Boulaye Dia', 'AM(KAKI),P(KAKIT)', 26, 88, '', 11),
(536, 'Nicolas Jackson', 'AM(KAKI),P(KAKIT)', 22, 83, '', 11),
(537, 'Jonny Arriba', 'AM,P(KAKI)', 21, 76, '', 11),
(538, 'Gerard Moreno', 'AM(KA),P(KAT)', 31, 92, '', 11),
(539, 'Manuel Neuer', 'GK', 37, 94, '', 12),
(540, 'Yann Sommer', 'GK', 34, 90, '', 12),
(541, 'Alexander Nübel', 'GK', 26, 88, '', 12),
(542, 'Sven Ulreich', 'GK', 34, 86, '', 12),
(543, 'Johannes Schenk', 'GK', 20, 73, '', 12),
(544, 'Lucas Hernández', 'B(KIT),DM(KI)', 27, 92, '', 12),
(545, 'Alphonso Davies', 'B,DM,G,AM(KI)', 22, 92, '', 12),
(546, 'Raphaël Guerreiro', 'B,DM(KI),G(KIT)', 29, 91, '', 12),
(547, 'Noussair Mazraoui', 'B,DM,G(KAKI)', 25, 89, '', 12),
(548, 'Josip Stanišić', 'B(KAKIT),DM(KAKI)', 23, 86, '', 12),
(549, 'Justin Janitzek', 'B(KIT)', 19, 67, '', 12),
(550, 'Dayot Upamecano', 'B(T)', 24, 92, '', 12),
(551, 'Matthijs de Ligt', 'B(T)', 23, 92, '', 12),
(552, 'Benjamin Pavard', 'B(KAT),DM(KA)', 27, 91, '', 12),
(553, 'Joshua Kimmich', 'B(KA),DM,G(KAT)', 28, 95, '', 12),
(554, 'Konrad Laimer', 'B(KA),DM,G(KAT)', 26, 90, '', 12),
(555, 'Bouna Sarr', 'B,DM,G,AM(KA)', 31, 85, '', 12),
(556, 'Leon Goretzka', 'DM,G,AM(T)', 28, 93, '', 12),
(557, 'Ryan Gravenberch', 'DM,G(T)', 21, 88, '', 12),
(558, 'Kingsley Coman', 'G,AM(KAKI)', 27, 92, '', 12),
(559, 'Marcel Sabitzer', 'G,AM(KAKIT)', 29, 91, '', 12),
(560, 'Jamal Musiala', 'G(T),AM(KAKIT)', 20, 92, '', 12),
(561, 'Malik Tillman', 'G,AM,P(T)', 21, 84, '', 12),
(562, 'Sadio Mané', 'AM(KAKI),P(KAKIT)', 31, 93, '', 12),
(563, 'Serge Gnabry', 'AM,P(KAKIT)', 27, 93, '', 12),
(564, 'Leroy Sanè', 'AM(KAKIT),P(KAKI)', 27, 92, '', 12),
(565, 'Eric Maxim Choupo-Moting', 'AM,P(KIT)', 34, 89, '', 12),
(566, 'Mathys Tel', 'AM(KAKI),P(KAKIT)', 18, 82, '', 12),
(567, 'Gabriel Vidović', 'AM,P(KIT)', 19, 80, '', 12),
(568, 'Paul Wanner', 'AM(KAKIT)', 17, 73, '', 12),
(569, 'Arijon Ibrahimovic', 'AM(KAKIT),P(KAKI)', 17, 73, '', 12),
(570, 'Thomas Müller', 'AM,P(KAT)', 33, 92, '', 12),
(571, 'Gregor Kobel', 'GK', 25, 90, '', 13),
(572, 'Alexander Meyer', 'GK', 32, 83, '', 13),
(573, 'Marcel Lotka', 'GK', 22, 78, '', 13),
(574, 'Ramy Bensebaini', 'B(KIT),DM,G(KI)', 28, 89, '', 13),
(575, 'Julian Ryerson', 'B,DM,G(KAKI)', 25, 88, '', 13),
(576, 'Nico Schulz', 'B,DM,G(KI)', 30, 85, '', 13),
(577, 'Tom Rothe', 'B,DM,G(KI)', 18, 76, '', 13),
(578, 'Mats Hummels', 'B(T)', 34, 92, '', 13),
(579, 'Niklas Süle', 'B(KAT)', 27, 91, '', 13),
(580, 'Emre Can', 'B,DM,G(T)', 29, 90, '', 13),
(581, 'Nico Schlotterbeck', 'B(T)', 23, 90, '', 13),
(582, 'Soumaïla Coulibaly', 'B(T)', 19, 77, '', 13),
(583, 'Antonios Papadopoulos', 'B,DM(T)', 23, 76, '', 13),
(584, 'Thomas Meunier', 'B,DM,G(KA)', 31, 88, '', 13),
(585, 'Marius Wolf', 'B,DM,G,AM(KA)', 28, 88, '', 13),
(586, 'Mateu Morey', 'B,DM,G(KA)', 23, 83, '', 13),
(587, 'Lion Semić', 'B,DM,G(KA)', 19, 70, '', 13),
(588, 'Salih Özcan', 'DM,G(T)', 25, 88, '', 13),
(589, 'Abdoulaye Kamara', 'DM,G(T)', 18, 75, '', 13),
(590, 'Julian Brandt', 'G(T),AM(KAKIT)', 27, 91, '', 13),
(591, 'Giovanni Reyna', 'G(T),AM(KAKIT)', 20, 87, '', 13),
(592, 'Göktan Gürpüz', 'G(T),AM(KIT)', 20, 73, '', 13),
(593, 'Cole Campbell', 'G,AM(T)', 17, 65, '', 13),
(594, 'Marco Reus', 'AM,P(KAKIT)', 34, 91, '', 13),
(595, 'Donyell Malen', 'AM(KAKI),P(KAKIT)', 24, 89, '', 13),
(596, 'Thorgan Hazard', 'AM,P(KAKIT)', 30, 88, '', 13),
(597, 'Karim Adeyemi', 'AM(KAKI),P(KAKIT)', 21, 88, '', 13),
(598, 'Jamie Bynoe-Gittens', 'AM,P(KAKI)', 18, 80, '', 13),
(599, 'Julien Duranville', 'AM,P(KAKI)', 17, 76, '', 13),
(600, 'Jayden Braaf', 'AM,P(KAKI)', 20, 75, '', 13),
(601, 'Moses Otuali', 'AM(KAKI),P(KAKIT)', 20, 73, '', 13),
(602, 'Sébastien Haller', 'P(T)', 29, 90, '', 13),
(603, 'Youssoufa Moukoko', 'P(T)', 18, 86, '', 13),
(604, 'Péter Gulácsi', 'GK', 33, 90, '', 14),
(605, 'Maarten Vandevoordt', 'GK', 21, 87, '', 14),
(606, 'Janis Blaswich', 'GK', 32, 86, '', 14),
(607, 'Leopold Zingerle', 'GK', 29, 80, '', 14),
(608, 'Tim Schreiber', 'GK', 21, 76, '', 14),
(609, 'Oskar Preil', 'GK', 19, 67, '', 14),
(610, 'Timo Schlieck', 'GK', 17, 65, '', 14),
(611, 'Joško Gvardiol', 'B(KIT)', 21, 91, '', 14),
(612, 'José Angeliño', 'B,DM,G(KI)', 26, 90, '', 14),
(613, 'David Raum', 'B,DM,G(KI)', 25, 89, '', 14),
(614, 'Marcel Halstenberg', 'B(KIT),DM(KI)', 31, 88, '', 14),
(615, 'Benjamin Henrichs', 'B,DM(KAKI),G(KAKIT)', 26, 88, '', 14),
(616, 'Sanoussy Ba', 'B,DM,G(KI),AM(KAKI)', 19, 73, '', 14),
(617, 'Willi Orban', 'B(T)', 30, 90, '', 14),
(618, 'Lukas Klostermann', 'B(KAT),DM,G(KA)', 27, 90, '', 14),
(619, 'Mohamed Simakan', 'B(KAT)', 23, 88, '', 14),
(620, 'Frederik Jäkel', 'B(T)', 22, 82, '', 14),
(621, 'Kevin Kampl', 'DM,G,AM(T)', 32, 89, '', 14),
(622, 'Xaver Schlager', 'DM,G,AM(T)', 25, 89, '', 14),
(623, 'Amadou Haidara', 'DM,AM(T),G(KAKIT)', 25, 89, '', 14),
(624, 'Nicolas Seiwald', 'DM,G(T)', 22, 86, '', 14),
(625, 'Tom Krauss', 'DM,G(T)', 22, 85, '', 14),
(626, 'Ilaix Moriba', 'DM,G(T)', 20, 84, '', 14),
(627, 'Dominik Szoboszlai', 'G,AM(KAKIT)', 22, 90, '', 14),
(628, 'Dani Olmo', 'G(T),AM(KAKIT)', 25, 90, '', 14),
(629, 'Christoph Baumgartner', 'G(T),AM(KAKIT)', 23, 89, '', 14),
(630, 'Timo Werner', 'AM(KAKI),P(KAKIT)', 27, 91, '', 14),
(631, 'Emil Forsberg', 'AM,P(KIT)', 31, 90, '', 14),
(632, 'Yussuf Poulsen', 'AM(KAKI),P(KAKIT)', 29, 88, '', 14),
(633, 'Caden Clark', 'AM(KAKIT)', 20, 80, '', 14),
(634, 'Hugo Novoa', 'AM(KAKI),P(KAKIT)', 20, 78, '', 14),
(635, 'Dennis Borkowski', 'AM(KAKI),P(KAKIT)', 21, 76, '', 14),
(636, 'Mehmet Ibrahimi', 'AM(KAKIT),P(KAKI)', 20, 70, '', 14),
(637, 'André Silva', 'P(T)', 27, 91, '', 14),
(638, 'Alexander Sorloth', 'P(T)', 27, 88, '', 14),
(639, 'Benjamin Sesko', 'P(T)', 20, 86, '', 14),
(640, 'Frederik Ronnow', 'GK', 30, 88, '', 15),
(641, 'Lennart Grill', 'GK', 24, 82, '', 15),
(642, 'Jakob Busk', 'GK', 29, 76, '', 15),
(643, 'Yannic Stein', 'GK', 18, 67, '', 15),
(644, 'Josip Juranović', 'B,DM,G(KAKI)', 27, 88, '', 15),
(645, 'Jérôme Roussillon', 'B,DM,G(KI)', 30, 87, '', 15),
(646, 'Tymoteusz Puchacz', 'B,DM,G(KI)', 24, 83, '', 15),
(647, 'Robin Knoche', 'B(T)', 31, 88, '', 15),
(648, 'Rani Khedira', 'B,DM,G(T)', 29, 88, '', 15),
(649, 'Danilho Doekhi', 'B(T)', 24, 88, '', 15),
(650, 'Diogo Leite', 'B(T)', 24, 87, '', 15),
(651, 'Paul Jaeckel', 'B(T)', 24, 86, '', 15),
(652, 'Dominique Heintz', 'B(T)', 29, 85, '', 15),
(653, 'Rick van Drongelen', 'B(T)', 24, 84, '', 15),
(654, 'Mathis Bruns', 'B(T)', 19, 70, '', 15),
(655, 'Christopher Trimmel', 'B,DM,G(KA)', 36, 87, '', 15),
(656, 'Laurenz Dehl', 'B,DM,G(KA),AM,P(KAKIT)', 21, 70, '', 15),
(657, 'Aissa Laidouni', 'DM,G,AM(T)', 26, 87, '', 15),
(658, 'Kevin Möhwald', 'DM,G(T)', 29, 82, '', 15),
(659, 'Aljoscha Kemlein', 'DM,G(T)', 18, 70, '', 15),
(660, 'Jamie Leweling', 'G(KAKI),AM,P(KAKIT)', 22, 84, '', 15),
(661, 'Tim Skarke', 'G,AM(KAKI)', 26, 82, '', 15),
(662, 'Janik Haberer', 'G,AM,P(T)', 29, 88, '', 15),
(663, 'Morten Thorsby', 'G,AM(T)', 27, 87, '', 15),
(664, 'András Schafer', 'G(T),AM(KAKIT)', 24, 85, '', 15),
(665, 'Milos Pantović', 'G(T),AM(KAKIT)', 26, 83, '', 15),
(666, 'Keita Endo', 'AM,P(KAKI)', 25, 82, '', 15),
(667, 'Ion Ciobanu', 'AM(KAKI),P(KAKIT)', 17, 65, '', 15),
(668, 'Sheraldo Becker', 'AM,P(KAT)', 28, 88, '', 15),
(669, 'Jordan Pefok Siebatcheu', 'P(T)', 27, 86, '', 15),
(670, 'Kevin Behrens', 'P(T)', 32, 86, '', 15),
(671, 'Mikkel Kaufmann', 'P(T)', 22, 82, '', 15),
(672, 'Malick Sanogo', 'P(T)', 18, 67, '', 15),
(673, 'Noah Atubolu', 'GK', 21, 80, '', 16),
(674, 'Benjamin Uphoff', 'GK', 29, 78, '', 16),
(675, 'Niklas Sauter', 'GK', 20, 74, '', 16),
(676, 'Laurin Mack', 'GK', 19, 70, '', 16),
(677, 'Jaaso Jantunen', 'GK', 18, 65, '', 16),
(678, 'Christian Günter', 'B,DM,G(KI)', 30, 89, '', 16),
(679, 'Kimberly Ezekwem', 'B(KIT),DM,G(KI)', 22, 74, '', 16),
(680, 'Matthias Ginter', 'B(T)', 29, 91, '', 16),
(681, 'Philipp Lienhart', 'B(T)', 26, 89, '', 16),
(682, 'Lukas Kübler', 'B(KAT),DM,G(KA)', 30, 86, '', 16),
(683, 'Kiliann Sildillia', 'B(KAT),DM,G(KA)', 21, 86, '', 16),
(684, 'Manuel Gulde', 'B(T)', 32, 85, '', 16),
(685, 'Keven Schlotterbeck', 'B(T)', 26, 85, '', 16),
(686, 'Kenneth Schmidt', 'B(T)', 21, 78, '', 16),
(687, 'Jordy Makengo', 'B,DM(T)', 21, 76, '', 16),
(688, 'Julian Stark', 'B,DM,G(T)', 22, 75, '', 16),
(689, 'Max Rosenfelder', 'B(T)', 20, 75, '', 16),
(690, 'Franci Bouebari', 'B(T)', 19, 70, '', 16),
(691, 'Noah Wagner', 'B(T)', 18, 68, '', 16),
(692, 'Andreas Vaher', 'B(T)', 19, 67, '', 16),
(693, 'Hugo Siquet', 'B,DM,G(KA)', 20, 84, '', 16),
(694, 'Lino Tempelmann', 'B(KA),DM,G(KAT)', 24, 82, '', 16),
(695, 'Philip Fahrner', 'B,DM(KA),G(KAT)', 20, 73, '', 16),
(696, 'Nicolas Höfler', 'DM,G(T)', 33, 88, '', 16),
(697, 'Maximilian Eggestein', 'DM,G,AM(T)', 26, 88, '', 16),
(698, 'Yannik Keitel', 'DM,G(T)', 23, 83, '', 16),
(699, 'Merlin Röhl', 'DM,G,AM(T)', 20, 78, '', 16),
(700, 'Robert Wagner', 'DM,G,AM(T)', 19, 78, '', 16),
(701, 'Felix Allgaier', 'DM,G(T)', 20, 66, '', 16),
(702, 'Noah Weisshaupt', 'G,AM(KAKI)', 21, 80, '', 16),
(703, 'Davino Knappe', 'G(T),AM(KAKIT)', 20, 70, '', 16),
(704, 'Gabriel Pellegrino', 'G,AM(T)', 19, 65, '', 16),
(705, 'Vincenzo Grifo', 'AM(KAKIT),P(KAKI)', 30, 90, '', 16),
(706, 'Roland Sallai', 'AM,P(KAKIT)', 26, 88, '', 16),
(707, 'Ritsu Doan', 'AM(KAKIT),P(KAKI)', 25, 88, '', 16),
(708, 'Lucas Höler', 'AM(KAKI),P(KAKIT)', 28, 87, '', 16),
(709, 'Woo-Yeong Jeong', 'AM,P(KAKIT)', 23, 85, '', 16),
(710, 'Daniel-Kofi Kyereh', 'AM,P(KAKIT)', 27, 85, '', 16),
(711, 'Mika Baur', 'AM(KAKIT)', 18, 75, '', 16),
(712, 'Ji-Han Lee', 'AM(KAKIT)', 20, 71, '', 16),
(713, 'Marco Wörner', 'AM(KAKIT)', 18, 65, '', 16),
(714, 'Michael Gregoritsch', 'AM,P(T)', 29, 88, '', 16),
(715, 'Junior Adamu', 'AM,P(KAT)', 22, 84, '', 16),
(716, 'Alessio Besio', 'P(T)', 19, 75, '', 16),
(717, 'Alex Meret', 'GK', 26, 89, '', 17),
(718, 'Nikita Contini', 'GK', 27, 78, '', 17),
(719, 'Hubert Idasiak', 'GK', 21, 70, '', 17),
(720, 'Davide Marfella', 'GK', 23, 70, '', 17),
(721, 'Valerio Boffelli', 'GK', 18, 65, '', 17),
(722, 'Mário Rui', 'B,DM,G(KI)', 32, 89, '', 17),
(723, 'Mathías Olivera', 'B,DM,G(KI)', 25, 88, '', 17),
(724, 'Juan Jesus', 'B(KIT)', 32, 86, '', 17),
(725, 'Filippo Costa', 'B,DM,G(KI)', 28, 80, '', 17),
(726, 'Karim Zedadka', 'B,DM(KI),G(KIT)', 23, 73, '', 17),
(727, 'Giovanni di Lorenzo', 'B(KAT),DM,G(KA)', 29, 91, '', 17),
(728, 'Amir Rrahmani', 'B(T)', 29, 89, '', 17),
(729, 'Min-Jae Kim', 'B(T)', 26, 89, '', 17),
(730, 'Leo Östigard', 'B(T)', 23, 85, '', 17),
(731, 'Alessandro Zanoli', 'B(KAT),DM,G(KA)', 22, 80, '', 17),
(732, 'Davide Costanzo', 'B(T)', 20, 67, '', 17),
(733, 'Benedetto Barba', 'B(KAT),DM(KA)', 20, 67, '', 17),
(734, 'Nosa Edward Obaretin', 'B(T)', 20, 65, '', 17),
(735, 'Daniel Hysaj', 'B(T)', 19, 65, '', 17),
(736, 'Frank Anguissa', 'DM,G(T)', 27, 91, '', 17),
(737, 'Stanislav Lobotka', 'DM,G(T)', 28, 90, '', 17),
(738, 'Diego Demme', 'DM,G(T)', 31, 88, '', 17),
(739, 'Coli Saco', 'DM,G(T)', 21, 70, '', 17),
(740, 'Gennaro Iaccarino', 'DM,G,AM(T)', 19, 65, '', 17),
(741, 'Francesco Gioielli', 'DM,G(T)', 19, 63, '', 17),
(742, 'Valerio Labriola', 'G,AM(KIT)', 22, 72, '', 17),
(743, 'Piotr Zielinski', 'G,AM(T)', 29, 91, '', 17),
(744, 'Eljif Elmas', 'G(T),AM(KAKIT)', 23, 89, '', 17),
(745, 'Michael Folorunsho', 'G,AM,P(T)', 25, 83, '', 17),
(746, 'Gianluca Gaetano', 'G(T),AM(KAKIT)', 23, 83, '', 17),
(747, 'Antonio Vergara', 'G(T),AM(KAT)', 20, 70, '', 17),
(748, 'Matteo Politano', 'AM,P(KAKI)', 29, 90, '', 17),
(749, 'Hirving Lozano', 'AM(KAKI),P(KAKIT)', 27, 90, '', 17),
(750, 'Khvicha Kvaratskhelia', 'AM(KIT),P(KI)', 22, 90, '', 17),
(751, 'Giacomo Raspadori', 'AM,P(KIT)', 23, 89, '', 17),
(752, 'Alessio Zerbin', 'AM,P(KAKIT)', 24, 82, '', 17),
(753, 'Leonardo Candellone', 'AM,P(KAKIT)', 25, 77, '', 17),
(754, 'Antonio Cioffi', 'AM(KAKIT)', 20, 70, '', 17),
(755, 'Davide Acampa', 'AM(KAKI),P(KAKIT)', 20, 65, '', 17),
(756, 'Giuseppe D\'Agostino', 'AM,P(KAT)', 20, 70, '', 17),
(757, 'Víctor Osimhen', 'P(T)', 24, 92, '', 17),
(758, 'Giovanni Simeone', 'P(T)', 27, 89, '', 17),
(759, 'Giuseppe Ambrosino', 'P(T)', 19, 73, '', 17),
(760, 'Lorenzo Sgarbi', 'P(T)', 22, 72, '', 17),
(761, 'Wojciech Szczęsny', 'GK', 33, 92, '', 18),
(762, 'Mattia Perìn', 'GK', 30, 88, '', 18),
(763, 'Stefano Gori', 'GK', 27, 82, '', 18),
(764, 'Carlo Pinsoglio', 'GK', 33, 80, '', 18),
(765, 'Alex Sandro', 'B(KIT),DM,G(KI)', 32, 91, '', 18),
(766, 'Luiz Danilo', 'B,DM(KAKIT)', 31, 90, '', 18),
(767, 'Mattia de Sciglio', 'B,DM,G(KAKI)', 30, 87, '', 18),
(768, 'Luca Pellegrini', 'B,DM,G(KI)', 24, 86, '', 18),
(769, 'Andrea Cambiaso', 'B,DM,G(KAKI)', 23, 85, '', 18),
(770, 'Gianluca Frabotta', 'B,DM,G(KI)', 24, 83, '', 18),
(771, 'Leonardo Bonucci', 'B(T)', 36, 92, '', 18),
(772, 'Gleison Bremer', 'B(T)', 26, 91, '', 18),
(773, 'Denis Zakaria', 'B,DM,G(T)', 26, 90, '', 18),
(774, 'Daniele Rugani', 'B(T)', 28, 87, '', 18),
(775, 'Federico Gatti', 'B(T)', 25, 85, '', 18),
(776, 'Juan Cuadrado', 'B,DM(KA),G,AM(KAT)', 35, 91, '', 18),
(777, 'Paul Pogba', 'DM(T),G,AM(KIT)', 30, 92, '', 18),
(778, 'Adrien Rabiot', 'DM(T),G(KIT)', 28, 91, '', 18),
(779, 'Manuel Locatelli', 'DM,G(T)', 25, 91, '', 18),
(780, 'Melo Arthur', 'DM,G(T)', 26, 90, '', 18),
(781, 'Weston Mckennie', 'DM(T),G,AM(KAKIT)', 24, 89, '', 18),
(782, 'Nicolò Rovella', 'DM,G(T)', 21, 86, '', 18),
(783, 'Filippo Ranocchia', 'DM,G(T)', 22, 82, '', 18),
(784, 'Hans Nicolussi Caviglia', 'DM,G,AM(T)', 23, 80, '', 18),
(785, 'Enzo Barrenechea', 'DM,G(T)', 22, 72, '', 18),
(786, 'Filip Kostić', 'G,AM(KAKI)', 30, 90, '', 18),
(787, 'Samuel Iling Junior', 'G,AM(KAKI)', 19, 73, '', 18),
(788, 'Fabio Miretti', 'G,AM(T)', 19, 85, '', 18),
(789, 'Nicolò Fagioli', 'G,AM(T)', 22, 84, '', 18),
(790, 'Federico Chiesa', 'AM,P(KAKIT)', 25, 92, '', 18),
(791, 'Moise Kean', 'AM(KI),P(KIT)', 23, 88, '', 18),
(792, 'Marko Pjaca', 'AM,P(KIT)', 28, 86, '', 18),
(793, 'Mohamed Ihattaren', 'AM(KAKIT),P(KAKI)', 21, 85, '', 18),
(794, 'Kaio Jorge', 'AM(KAKI),P(KAKIT)', 21, 82, '', 18),
(795, 'Marley Aké', 'AM(KAKI),P(KAKIT)', 22, 78, '', 18),
(796, 'Arkadiusz Milik', 'AM,P(T)', 29, 90, '', 18),
(797, 'Matías Soulé', 'AM,P(KAT)', 20, 78, '', 18),
(798, 'Dušan Vlahović', 'P(T)', 23, 91, '', 18),
(799, 'Samir Handanovič', 'GK', 38, 91, '', 19),
(800, 'André Onana', 'GK', 27, 91, '', 19),
(801, 'Ionut Radu', 'GK', 26, 85, '', 19),
(802, 'Alex Cordaz', 'GK', 40, 82, '', 19),
(803, 'Filip Stanković', 'GK', 21, 80, '', 19),
(804, 'Gabriel Brazão', 'GK', 22, 76, '', 19),
(805, 'Nikolaos Botis', 'GK', 19, 67, '', 19),
(806, 'William Rovida', 'GK', 20, 65, '', 19),
(807, 'Robin Gosens', 'B,DM,G(KI)', 28, 90, '', 19),
(808, 'Federico Dimarco', 'B(KIT),DM,G(KI)', 25, 89, '', 19),
(809, 'Matteo Darmian', 'B(KAKIT),DM,G(KAKI)', 33, 88, '', 19),
(810, 'Valentino Lazaro', 'B,DM,G(KAKI)', 27, 87, '', 19),
(811, 'Lorenzo Pirola', 'B(KIT),DM(KI)', 21, 80, '', 19),
(812, 'Franco Carboni', 'B,DM,G,AM(KI)', 20, 75, '', 19),
(813, 'Davide Zugaro', 'B,DM(KAKI)', 23, 73, '', 19),
(814, 'Alessandro Fontanarosa', 'B(KIT)', 20, 73, '', 19),
(815, 'Franco Vezzoni', 'B,DM,G(KAKI)', 21, 70, '', 19),
(816, 'Stefan de Vrij', 'B(T)', 31, 92, '', 19),
(817, 'Alessandro Bastoni', 'B(T)', 24, 92, '', 19),
(818, 'Danilo D\'Ambrosio', 'B(KAT),DM,G(KA)', 34, 87, '', 19),
(819, 'Zinho Vanheusden', 'B(T)', 23, 85, '', 19),
(820, 'Edoardo Sottini', 'B(T)', 20, 73, '', 19),
(821, 'Andi Hoti', 'B(T)', 20, 73, '', 19),
(822, 'Christos Alexiou', 'B(T)', 17, 70, '', 19),
(823, 'Mattia Sangalli', 'B,DM,G(T)', 21, 68, '', 19),
(824, 'Andrea Moretti', 'B(KAT)', 21, 67, '', 19),
(825, 'Tommaso Guercio', 'B(T)', 18, 65, '', 19),
(826, 'Aleksandar Stanković', 'B,DM(T)', 17, 65, '', 19),
(827, 'Denzel Dumfries', 'B,DM,G(KA)', 27, 90, '', 19),
(828, 'Raoul Bellanova', 'B,DM,G(KA)', 23, 85, '', 19),
(829, 'Tibo Persyn', 'B,DM,G,AM(KA)', 21, 73, '', 19),
(830, 'Mattia Zanotti', 'B,DM,G(KA)', 20, 73, '', 19),
(831, 'Alessandro Silvestro', 'B,DM,G(KA)', 20, 68, '', 19),
(832, 'Marcelo Brozović', 'DM,G(T)', 30, 92, '', 19),
(833, 'Nicolò Barella', 'DM,G,AM(T)', 26, 92, '', 19),
(834, 'Hakan Çalhanoğlu', 'DM,G,AM(T)', 29, 91, '', 19),
(835, 'Stefano Sensi', 'DM,G,AM(T)', 27, 88, '', 19),
(836, 'Roberto Gagliardini', 'DM,G(T)', 29, 88, '', 19),
(837, 'Kristjan Asllani', 'DM,G,AM(T)', 21, 85, '', 19),
(838, 'Lucien Agoumé', 'DM,G(T)', 21, 84, '', 19),
(839, 'Giovanni Fabbian', 'DM,G,AM(T)', 20, 80, '', 19),
(840, 'Marco Pompetti', 'DM,G(T)', 23, 77, '', 19),
(841, 'David Wieser', 'DM,G,AM(T)', 21, 67, '', 19),
(842, 'Niccolò Squizzato', 'DM,G(T)', 21, 65, '', 19),
(843, 'Daniel Fois', 'DM,G(T)', 16, 65, '', 19),
(844, 'Silas Andersen', 'DM,G(T)', 19, 65, '', 19),
(845, 'Henrikh Mkhitaryan', 'G(T),AM(KAKIT)', 34, 90, '', 19),
(846, 'Francesco Nunziatini', 'G,AM(T)', 20, 70, '', 19),
(847, 'Luca di Maggio', 'G,AM(T)', 18, 65, '', 19),
(848, 'Issiaka Kamate', 'G(T),AM(KIT)', 18, 65, '', 19),
(849, 'Darian Males', 'AM,P(KAKIT)', 22, 83, '', 19),
(850, 'Eddie Salcedo', 'AM,P(KAKIT)', 21, 82, '', 19),
(851, 'Valentín Carboni', 'AM,P(KAKIT)', 18, 73, '', 19),
(852, 'Nikola Iliev', 'AM,P(KAKIT)', 19, 72, '', 19),
(853, 'Kevin Zefi', 'AM,P(KAKIT)', 18, 65, '', 19),
(854, 'Lorenzo Peschetola', 'AM(KAKIT)', 20, 65, '', 19),
(855, 'Lautaro Martínez', 'AM,P(T)', 25, 92, '', 19),
(856, 'Joaquín Correa', 'AM,P(T)', 28, 90, '', 19),
(857, 'Sebastiano Esposito', 'AM,P(T)', 20, 83, '', 19),
(858, 'Gaetano Oristanio', 'AM,P(T)', 20, 80, '', 19),
(859, 'Dennis Curatolo', 'AM,P(T)', 19, 65, '', 19),
(860, 'Martín Satriano', 'P(T)', 22, 85, '', 19),
(861, 'Francesco Pio Esposito', 'P(T)', 17, 73, '', 19),
(862, 'Jan Żuberek', 'P(T)', 19, 65, '', 19),
(863, 'Mike Maignan', 'GK', 27, 91, '', 20),
(864, 'Ciprian Tătăruşanu', 'GK', 37, 86, '', 20),
(865, 'Antonio Mirante', 'GK', 39, 85, '', 20),
(866, 'Devis Vásquez', 'GK', 25, 77, '', 20),
(867, 'Andreas Jungdal', 'GK', 21, 73, '', 20),
(868, 'Fotis Pseftis', 'GK', 20, 65, '', 20),
(869, 'Lapo Nava', 'GK', 19, 63, '', 20),
(870, 'Theo Hernández', 'B,DM,G(KI)', 25, 92, '', 20),
(871, 'Pierre Kalulu', 'B(KAKIT)', 23, 90, '', 20),
(872, 'Fodé Ballo Toure', 'B,DM,G(KI)', 26, 87, '', 20),
(873, 'Andrea Bozzolan', 'B,DM,G(KI)', 19, 67, '', 20),
(874, 'Davide Bartesaghi', 'B,DM(KI)', 17, 65, '', 20),
(875, 'Fikayo Tomori', 'B(T)', 25, 91, '', 20),
(876, 'Simon Kjaer', 'B(T)', 34, 90, '', 20),
(877, 'Mattia Caldara', 'B(T)', 29, 86, '', 20),
(878, 'Matteo Gabbia', 'B(T)', 23, 85, '', 20),
(879, 'Malick Thiaw', 'B,DM(T)', 21, 84, '', 20),
(880, 'Marco Brescianini', 'B,DM,G(T)', 23, 78, '', 20),
(881, 'Gabriele Bellodi', 'B(T)', 22, 73, '', 20),
(882, 'Jan-Carlo Simic', 'B(T)', 18, 67, '', 20),
(883, 'Cathal Heffernan', 'B(KAT)', 18, 65, '', 20),
(884, 'Davide Calabria', 'B,DM,G(KA)', 26, 90, '', 20),
(885, 'Alessandro Florenzi', 'B,DM,G,AM(KA)', 32, 89, '', 20),
(886, 'Andrei Coubis', 'B,DM(KA)', 19, 65, '', 20),
(887, 'Estevan Gaúcho', 'B,DM(KA)', 16, 60, '', 20),
(888, 'Ismaël Bennacer', 'DM,G(T)', 25, 91, '', 20),
(889, 'Sandro Tonali', 'DM,G(T)', 23, 91, '', 20),
(890, 'Rade Krunić', 'DM(T),G,AM(KIT)', 29, 88, '', 20),
(891, 'Tommaso Pobega', 'DM,G,AM(T)', 23, 88, '', 20),
(892, 'Dariusz Stalmach', 'DM,G,AM(T)', 17, 70, '', 20),
(893, 'Victor Eletu', 'DM,G(T)', 18, 65, '', 20),
(894, 'Kevin Zeroli', 'DM,G,AM(T)', 18, 65, '', 20),
(895, 'Antonio Gala', 'DM,G,AM(T)', 19, 65, '', 20),
(896, 'Alexis Saelemaekers', 'G,AM(KAKI)', 23, 89, '', 20),
(897, 'Junior Messias', 'G(T),AM,P(KAT)', 32, 88, '', 20),
(898, 'Yacine Adli', 'G,AM(T)', 22, 86, '', 20),
(899, 'Antonio Mionić', 'G,AM(T)', 22, 70, '', 20),
(900, 'Andrea Capone', 'G,AM,P(T)', 21, 70, '', 20),
(901, 'Hugo Cuenca', 'G,AM(T)', 18, 70, '', 20),
(902, 'Bob Murphy Omoregbe', 'G,AM(KA)', 19, 65, '', 20),
(903, 'Rafael Leão', 'AM,P(KIT)', 24, 92, '', 20),
(904, 'Ante Rebić', 'AM,P(KIT)', 29, 89, '', 20),
(905, 'Charles de Ketelaere', 'AM,P(KAKIT)', 22, 88, '', 20),
(906, 'Daniel Maldini', 'AM(KAKIT),P(KAKI)', 21, 78, '', 20),
(907, 'Chaka Traorè', 'AM(KAKIT),P(KAKI)', 18, 65, '', 20),
(908, 'Vladyslav Nagrudnyi', 'AM,P(KIT)', 18, 65, '', 20),
(909, 'Youns el Hilali', 'AM,P(KAKIT)', 20, 65, '', 20),
(910, 'Divock Origi', 'P(KAKIT)', 28, 88, '', 20),
(911, 'Olivier Giroud', 'P(T)', 36, 91, '', 20),
(912, 'Lorenzo Colombo', 'P(T)', 21, 83, '', 20),
(913, 'Marko Lazetić', 'P(T)', 19, 73, '', 20),
(914, 'Marco Nasti', 'P(T)', 19, 72, '', 20),
(915, 'Jordan Longhi', 'P(T)', 18, 65, '', 20),
(916, 'Francesco Camarda', 'P(T)', 15, 65, '', 20),
(917, 'Rui Patrício', 'GK', 35, 90, '', 21),
(918, 'Mile Svilar', 'GK', 23, 80, '', 21),
(919, 'Pietro Boer', 'GK', 21, 70, '', 21),
(920, 'Davide Mastrantonio', 'GK', 19, 65, '', 21),
(921, 'Leonardo Spinazzola', 'B,DM,G(KAKI)', 30, 90, '', 21),
(922, 'Matías Viña', 'B(KIT),DM,G(KI)', 25, 87, '', 21),
(923, 'Jan Oliveras', 'B,DM(KI),G(KIT)', 18, 65, '', 21),
(924, 'Panagiotis Karagiorgis', 'B(KIT)', 18, 65, '', 21),
(925, 'Gianluca Mancini', 'B(T)', 27, 90, '', 21),
(926, 'Bryan Cristante', 'B,DM,G(T)', 28, 89, '', 21),
(927, 'Evan Ndicka', 'B(T)', 23, 89, '', 21),
(928, 'Roger Ibañez', 'B(T)', 24, 89, '', 21),
(929, 'Chris Smalling', 'B(T)', 33, 88, '', 21),
(930, 'Rick Karsdorp', 'B(KAT),DM,G(KA)', 28, 88, '', 21),
(931, 'Marash Kumbulla', 'B(T)', 23, 87, '', 21),
(932, 'Dimitrios Keramitsis', 'B(T)', 18, 70, '', 21),
(933, 'Jean Paul Touadi', 'B(T)', 17, 65, '', 21),
(934, 'Zeki Celik', 'B,DM,G(KA)', 26, 89, '', 21),
(935, 'Bryan Reynolds', 'B,DM,G(KA)', 21, 82, '', 21),
(936, 'Filippo Missori', 'B,DM(KA),G(KAT)', 19, 70, '', 21),
(937, 'Corentin Louakima', 'B,DM,G(KA)', 20, 68, '', 21),
(938, 'Lorenzo Pellegrini', 'DM,G(T),AM(KIT)', 27, 91, '', 21),
(939, 'Nemanja Matić', 'DM,G(T)', 34, 89, '', 21),
(940, 'Gonzalo Villar', 'DM,G,AM(T)', 25, 87, '', 21),
(941, 'Ebrima Darboe', 'DM,G(T)', 22, 78, '', 21),
(942, 'Edoardo Bove', 'DM,G,AM(T)', 21, 78, '', 21),
(943, 'Giacomo Faticanti', 'DM,G(T)', 18, 70, '', 21),
(944, 'Mate Ivković', 'DM(T)', 17, 65, '', 21),
(945, 'Jacopo Surricchio', 'DM,G(T)', 17, 63, '', 21),
(946, 'Houssem Aouar', 'G,AM(KIT)', 24, 90, '', 21),
(947, 'Stephan el Shaarawy', 'G,P(KAKI),AM(KAKIT)', 30, 88, '', 21),
(948, 'Nicola Zalewski', 'G,AM(KAKI)', 21, 85, '', 21),
(949, 'Niccolò Pisilli', 'G,AM(T)', 18, 70, '', 21),
(950, 'Justin Kluivert', 'AM,P(KAKI)', 24, 88, '', 21),
(951, 'Carles Pérez', 'AM(KAKIT),P(KAKI)', 25, 85, '', 21),
(952, 'Ola Solbakken', 'AM,P(KAKI)', 24, 83, '', 21),
(953, 'Mattia Almaviva', 'AM,P(KAKIT)', 17, 65, '', 21),
(954, 'Claudio Cassano', 'AM,P(KAKIT)', 19, 65, '', 21),
(955, 'Luigi Cherubini', 'AM,P(KAKIT)', 19, 65, '', 21),
(956, 'Paulo Dybala', 'AM,P(KAT)', 29, 93, '', 21),
(957, 'Cristian Volpato', 'AM,P(KAT)', 19, 76, '', 21),
(958, 'Andrea Belotti', 'P(T)', 29, 90, '', 21),
(959, 'Tammy Abraham', 'P(T)', 25, 90, '', 21),
(960, 'Eldor Shomurodov', 'P(T)', 27, 85, '', 21),
(961, 'Gianluigi Donnarumma', 'GK', 24, 92, '', 22),
(962, 'Keylor Navas', 'GK', 36, 91, '', 22),
(963, 'Sergio Rico', 'GK', 29, 87, '', 22),
(964, 'Alexandre Letellier', 'GK', 32, 80, '', 22),
(965, 'Lucas Lavallée', 'GK', 20, 70, '', 22),
(966, 'Mathyas Randriamamy', 'GK', 20, 65, '', 22),
(967, 'Louis Mouquet', 'GK', 18, 65, '', 22),
(968, 'Achraf Hakimi', 'B,DM,G(KAKI)', 24, 92, '', 22),
(969, 'Presnel Kimpembe', 'B(KIT)', 27, 91, '', 22),
(970, 'Nuno Mendes', 'B,DM,G(KI)', 21, 90, '', 22),
(971, 'Juan Bernat', 'B,DM,G(KI)', 30, 89, '', 22),
(972, 'Abdou Diallo', 'B(KIT)', 27, 88, '', 22),
(973, 'Layvin Kurzawa', 'B,DM,G(KI)', 30, 87, '', 22),
(974, 'El Chadaille Bitshiabu', 'B(KIT)', 18, 73, '', 22),
(975, 'Serif Nhaga', 'B,DM,G(KI)', 17, 67, '', 22),
(976, 'Moutanabi Bodiang', 'B,DM(KAKI)', 20, 65, '', 22),
(977, 'Vimoj Muntu Wa Mungu', 'B,DM,G(KI)', 18, 65, '', 22),
(978, 'Corrêa Marquinhos', 'B(T)', 29, 94, '', 22),
(979, 'Danilo Pereira', 'B,DM,G(T)', 31, 90, '', 22);
INSERT INTO `tb_pemain` (`id_pemain`, `nama`, `posisi`, `usia`, `rating`, `foto`, `id_club`) VALUES
(980, 'Nordi Mukiele', 'B(KAT),DM,G(KA)', 25, 90, '', 22),
(981, 'Timothée Pembele', 'B(KAT),DM,G(KA)', 20, 82, '', 22),
(982, 'Younes el Hannach', 'B(T)', 19, 65, '', 22),
(983, 'Nehemiah Fernandez', 'B(T)', 18, 65, '', 22),
(984, 'Hugo Lamy', 'B(KAT),DM(KA)', 19, 65, '', 22),
(985, 'Colin Dagba', 'B,DM,G(KA)', 24, 86, '', 22),
(986, 'Yoram Zague', 'B,DM,G(KA)', 17, 67, '', 22),
(987, 'Marco Verratti', 'DM,G(T)', 30, 94, '', 22),
(988, 'Georginio Wijnaldum', 'DM,G,AM(T)', 32, 91, '', 22),
(989, 'Fabián Ruiz', 'DM,G,AM(T)', 27, 91, '', 22),
(990, 'Leandro Paredes', 'DM,G(T)', 28, 90, '', 22),
(991, 'Warren Zaire-Emery', 'DM,G(T)', 17, 73, '', 22),
(992, 'Ayman Kari', 'DM,G(T)', 18, 70, '', 22),
(993, 'Anfane Ahamada', 'DM,G(T)', 21, 67, '', 22),
(994, 'Ethan Mbappé', 'DM,G(T)', 16, 65, '', 22),
(995, 'Carlos Soler', 'G(T),AM(KAKIT)', 26, 91, '', 22),
(996, 'Renato Sanches', 'G(T),AM(KAKIT)', 25, 90, '', 22),
(997, 'Julian Draxler', 'G(T),AM(KAKIT)', 29, 89, '', 22),
(998, 'Ferreira Vitinha', 'G,AM(T)', 23, 89, '', 22),
(999, 'Édouard Michut', 'G,AM(T)', 20, 78, '', 22),
(1000, 'Ismaël Gharbi', 'G,AM(T)', 19, 73, '', 22),
(1001, 'Júnior Neymar', 'AM,P(KIT)', 31, 96, '', 22),
(1002, 'Kylian Mbappé', 'AM(KAKI),P(KAKIT)', 24, 96, '', 22),
(1003, 'Djeidi Gassama', 'AM(KAKI),P(KAKIT)', 19, 76, '', 22),
(1004, 'Gaël N’lundulu', 'AM,P(KAKI)', 31, 70, '', 22),
(1005, 'Samuel Noireau-Dauriat', 'AM,P(KAKI)', 20, 65, '', 22),
(1006, 'Noha Lemina', 'AM(KAKIT)', 18, 65, '', 22),
(1007, 'Mauro Icardi', 'P(T)', 30, 90, '', 22),
(1008, 'Kenny Nagera', 'P(T)', 21, 70, '', 22),
(1009, 'Ilyes Housni', 'P(T)', 18, 65, '', 22),
(1010, 'Brice Samba', 'GK', 29, 86, '', 23),
(1011, 'Jean-Louis Leca', 'GK', 37, 85, '', 23),
(1012, 'Wuilker Fariñez', 'GK', 25, 85, '', 23),
(1013, 'Yannick Pandor', 'GK', 22, 70, '', 23),
(1014, 'Facundo Medina', 'B(KIT),DM(KI)', 24, 87, '', 23),
(1015, 'Massadio Haidara', 'B(KIT),DM,G(KI)', 30, 85, '', 23),
(1016, 'Deiver Machado', 'B,DM,G(KI)', 29, 85, '', 23),
(1017, 'Kevin Danso', 'B(T)', 24, 87, '', 23),
(1018, 'Jonathan Gradit', 'B(KAT)', 30, 86, '', 23),
(1019, 'Julien le Cardinal', 'B(KAT),DM,G(KA)', 26, 82, '', 23),
(1020, 'Adrien Louveau', 'B(T)', 23, 70, '', 23),
(1021, 'Yacouba Barry', 'B(KAT),DM,G(KA)', 20, 67, '', 23),
(1022, 'Ismaëlo Ganiou', 'B(T)', 18, 65, '', 23),
(1023, 'Kaïs Benabdelouahed', 'B(T)', 18, 60, '', 23),
(1024, 'Seko Fofana', 'DM,G,AM(T)', 28, 90, '', 23),
(1025, 'Salis Abdul Samed', 'DM,G(T)', 23, 86, '', 23),
(1026, 'Jean Onana', 'DM,G,AM(T)', 23, 83, '', 23),
(1027, 'Lukasz Poręba', 'DM,G(T)', 23, 80, '', 23),
(1028, 'Mamadou Camara', 'DM,G,AM(T)', 20, 70, '', 23),
(1029, 'Przemysław Frankowski', 'G,AM(KAKI)', 28, 87, '', 23),
(1030, 'Jimmy Cabot', 'G,AM(KAKI)', 29, 85, '', 23),
(1031, 'Adrien Thomasson', 'G,AM(T)', 29, 87, '', 23),
(1032, 'Angelo Fulgini', 'G,AM(KAT)', 26, 87, '', 23),
(1033, 'Adam Oudjani', 'G,AM(T)', 21, 73, '', 23),
(1034, 'Yaya Fofana', 'G(T)', 19, 70, '', 23),
(1035, 'Flavio da Silva', 'G,AM(T)', 22, 65, '', 23),
(1036, 'Florian Sotoca', 'AM(KAKI),P(KAKIT)', 32, 87, '', 23),
(1037, 'Wesley Saïd', 'AM(KAKI),P(KAKIT)', 28, 85, '', 23),
(1038, 'David Costa', 'AM(KAKIT)', 22, 83, '', 23),
(1039, 'Nolan Bonte', 'AM(T)', 19, 67, '', 23),
(1040, 'Rémy Labeau Lascary', 'AM(KA),P(KAT)', 20, 70, '', 23),
(1041, 'Loïs Openda', 'P(T)', 23, 87, '', 23),
(1042, 'Adam Buksa', 'P(T)', 26, 85, '', 23),
(1043, 'Ibrahima Baldé', 'P(T)', 20, 73, '', 23),
(1044, 'Pau López', 'GK', 28, 89, '', 24),
(1045, 'Simon Ngapandouetnbu', 'GK', 20, 73, '', 24),
(1046, 'Jelle van Neck', 'GK', 19, 70, '', 24),
(1047, 'Sead Kolasinac', 'B(KIT),DM,G(KI)', 30, 86, '', 24),
(1048, 'Jordan Amavi', 'B,DM,G(KI)', 29, 86, '', 24),
(1049, 'Chancel Mbemba', 'B(T)', 28, 89, '', 24),
(1050, 'Samuel Gigot', 'B(T)', 29, 87, '', 24),
(1051, 'Leonardo Balerdi', 'B(T)', 24, 87, '', 24),
(1052, 'Isaak Touré', 'B(T)', 20, 82, '', 24),
(1053, 'Roggerio Nyakossi', 'B(T)', 19, 68, '', 24),
(1054, 'Yakine Said M\'Madi', 'B(T)', 19, 67, '', 24),
(1055, 'Raimane Daou', 'B,DM(T)', 18, 65, '', 24),
(1056, 'Valentin Rongier', 'B(KA),DM,G,AM(KAT)', 28, 89, '', 24),
(1057, 'Jonathan Clauss', 'B,DM,G,AM(KA)', 30, 89, '', 24),
(1058, 'Pol Lirola', 'B,DM,G(KA)', 25, 87, '', 24),
(1059, 'Amay Caprice', 'B,DM,G(KA)', 18, 67, '', 24),
(1060, 'Jordan Veretout', 'DM,G,AM(T)', 30, 90, '', 24),
(1061, 'Mattéo Guendouzi', 'DM,G,AM(T)', 24, 89, '', 24),
(1062, 'Pape Gueye', 'DM,G(T)', 24, 86, '', 24),
(1063, 'Azzedine Ounahi', 'DM,G,AM(T)', 23, 84, '', 24),
(1064, 'Bartug Elmaz', 'DM,G(T)', 20, 70, '', 24),
(1065, 'Bilal Nadir', 'DM,G,AM(T)', 19, 70, '', 24),
(1066, 'Paolo Sciortino', 'DM,G(T)', 19, 70, '', 24),
(1067, 'Ruslan Malinovskyi', 'G(T),AM,P(KAT)', 30, 90, '', 24),
(1068, 'Alexis Sánchez', 'AM,P(KAKIT)', 34, 90, '', 24),
(1069, 'Dimitri Payet', 'AM,P(KAKIT)', 36, 90, '', 24),
(1070, 'Cengiz Ünder', 'AM(KAKIT),P(KAKI)', 25, 89, '', 24),
(1071, 'Amine Harit', 'AM(KAKIT),P(KAKI)', 26, 88, '', 24),
(1072, 'Konrad de la Fuente', 'AM,P(KAKI)', 21, 82, '', 24),
(1073, 'Sofiane Sidi ali', 'AM,P(KAKI)', 27, 73, '', 24),
(1074, 'Salim Ben Seghir', 'AM,P(KAKI)', 20, 73, '', 24),
(1075, 'Sayha Seha', 'AM,P(KAKI)', 18, 67, '', 24),
(1076, 'François Régis Mughe', 'AM,P(KAKI)', 19, 67, '', 24),
(1077, 'Oliveira Vitinha', 'P(T)', 23, 85, '', 24),
(1078, 'Pedro Ruiz', 'P(T)', 23, 75, '', 24),
(1079, 'Aylan Benyahia-Tani', 'P(T)', 17, 67, '', 24),
(1080, 'Steve Mandanda', 'GK', 38, 88, '', 25),
(1081, 'Alfred Gomis', 'GK', 29, 87, '', 25),
(1082, 'Doğan Alemdar', 'GK', 20, 82, '', 25),
(1083, 'Romain Salin', 'GK', 38, 80, '', 25),
(1084, 'Adrien Truffert', 'B,DM,G(KI)', 21, 87, '', 25),
(1085, 'Arthur Theate', 'B(KIT)', 23, 87, '', 25),
(1086, 'Birger Meling', 'B,DM,G(KI)', 28, 86, '', 25),
(1087, 'Jeanuël Belocian', 'B(KIT)', 18, 73, '', 25),
(1088, 'Léo Rouille', 'B(KI),DM,G(KIT)', 19, 65, '', 25),
(1089, 'Warmed Omari', 'B(T)', 23, 85, '', 25),
(1090, 'Christopher Wooh', 'B(T)', 21, 83, '', 25),
(1091, 'Guéla Doué', 'B(KAT)', 20, 68, '', 25),
(1092, 'Jérémy Jacquet', 'B(T)', 17, 67, '', 25),
(1093, 'Lorenz Assignon', 'B,DM,G(KA)', 23, 80, '', 25),
(1094, 'Gabriel Tutu', 'B,DM,G(KA)', 19, 65, '', 25),
(1095, 'Baptiste Santamaria', 'DM,G(T)', 28, 88, '', 25),
(1096, 'Rocha Xeka', 'DM,G(T)', 28, 88, '', 25),
(1097, 'Lesley Ugochukwu', 'DM,G(T)', 19, 80, '', 25),
(1098, 'Noah Françoise', 'DM,G,AM(T)', 19, 70, '', 25),
(1099, 'Djaoui Cissé', 'DM,G,AM(T)', 19, 65, '', 25),
(1100, 'Benjamin Bourigeaud', 'G,AM(KAKIT)', 29, 89, '', 25),
(1101, 'Redwan Bourles', 'G,AM(KIT)', 20, 70, '', 25),
(1102, 'Lovro Majer', 'G,AM(T)', 25, 89, '', 25),
(1103, 'Flavien Tait', 'G(T),AM(KAKIT)', 30, 87, '', 25),
(1104, 'Désiré Doué', 'G(T),AM(KAKIT)', 18, 80, '', 25),
(1105, 'Martin Terrier', 'AM(KI),P(KIT)', 26, 90, '', 25),
(1106, 'Amine Gouiri', 'AM(KI),P(KIT)', 23, 89, '', 25),
(1107, 'Arnaud Kalimuendo', 'AM(KI),P(KIT)', 21, 87, '', 25),
(1108, 'Jérémy Doku', 'AM,P(KAKI)', 21, 86, '', 25),
(1109, 'Junior Kadile', 'AM,P(KAKI)', 20, 75, '', 25),
(1110, 'Ibrahim Salah', 'AM(KAKI),P(KAKIT)', 21, 74, '', 25),
(1111, 'Mathis Lambourde', 'AM,P(KAKI)', 17, 70, '', 25),
(1112, 'Matthis Abline', 'P(T)', 20, 82, '', 25),
(1113, 'Loum Tchaouna', 'P(T)', 19, 73, '', 25),
(1114, 'Alan Do Marcolino', 'P(T)', 21, 70, '', 25),
(1115, 'Wilson Samaké', 'P(T)', 19, 67, '', 25),
(1116, 'Benoît Costil', 'GK', 35, 86, '', 26),
(1117, 'Lucas Chevalier', 'GK', 21, 83, '', 26),
(1118, 'Adam Jakubech', 'GK', 25, 80, '', 26),
(1119, 'Jules Raux', 'GK', 19, 65, '', 26),
(1120, 'El Nasry Mistoihi', 'GK', 18, 63, '', 26),
(1121, 'Gonçalves Ismaily', 'B,DM,G(KI)', 33, 88, '', 26),
(1122, 'Tiago Djaló', 'B(KAKIT)', 23, 86, '', 26),
(1123, 'Akim Zedadka', 'B,DM,G,AM(KAKI)', 28, 85, '', 26),
(1124, 'Timothy Weah', 'B,DM,G,AM(KAKI),P(T)', 23, 85, '', 26),
(1125, 'Gabriel Gudmundsson', 'B,DM,G(KI)', 24, 84, '', 26),
(1126, 'Bafodé Diakité', 'B(KAKIT)', 22, 84, '', 26),
(1127, 'Vincent Burlet', 'B,DM,G,AM(KI)', 17, 67, '', 26),
(1128, 'Wassim Lantaki', 'B,DM(KI)', 19, 63, '', 26),
(1129, 'José Fonte', 'B(T)', 39, 89, '', 26),
(1130, 'Ribeiro Alexsandro', 'B(T)', 23, 80, '', 26),
(1131, 'Hakim Ouro Sama', 'B(T)', 25, 76, '', 26),
(1132, 'Leny Yoro', 'B,DM(T)', 17, 73, '', 26),
(1133, 'Abdoulaye Ousmane', 'B,DM(T)', 23, 70, '', 26),
(1134, 'Lucas Mbamba', 'B,DM,G(KA)', 16, 67, '', 26),
(1135, 'Simon Ramet', 'B,DM,G(KA)', 20, 65, '', 26),
(1136, 'Benjamin André', 'DM,G(T)', 32, 89, '', 26),
(1137, 'Jonas Martin', 'DM,G,AM(T)', 33, 86, '', 26),
(1138, 'Rocco Ascone', 'DM,G,AM(T)', 19, 75, '', 26),
(1139, 'Carlos Baleba', 'DM,G(T)', 19, 73, '', 26),
(1140, 'Angel Gomes', 'G(T),AM(KAKIT)', 22, 85, '', 26),
(1141, 'Louis Carnot', 'G,AM(T)', 22, 74, '', 26),
(1142, 'Matteo Makhabe', 'G,AM(T)', 19, 70, '', 26),
(1143, 'Ugo Raghouber', 'G,AM(T)', 19, 65, '', 26),
(1144, 'Jonathan Bamba', 'AM,P(KAKI)', 27, 90, '', 26),
(1145, 'Rémy Cabella', 'AM(KAKIT)', 33, 88, '', 26),
(1146, 'Adam Ounas', 'AM,P(KAKIT)', 26, 86, '', 26),
(1147, 'Edon Zhegrova', 'AM,P(KAKI)', 24, 84, '', 26),
(1148, 'Alan Virginius', 'AM,P(KAKI)', 20, 78, '', 26),
(1149, 'Barthélémy Diedhiou', 'AM,P(KAKI)', 22, 70, '', 26),
(1150, 'Ichem Ferrah', 'AM(KAKIT),P(KAKI)', 17, 70, '', 26),
(1151, 'Joffrey Bazié', 'AM,P(KAKI)', 19, 65, '', 26),
(1152, 'Jonathan David', 'AM,P(T)', 23, 90, '', 26),
(1153, 'Yusuf Yazici', 'AM,P(KAT)', 26, 88, '', 26),
(1154, 'Mohamed Bayo', 'P(T)', 25, 86, '', 26),
(1155, 'Amine Messoussa', 'P(T)', 18, 65, '', 26);

-- --------------------------------------------------------

--
-- Table structure for table `users`
--

CREATE TABLE `users` (
  `id_user` int(11) NOT NULL,
  `nama` varchar(255) NOT NULL,
  `username` varchar(32) NOT NULL,
  `password` varchar(32) NOT NULL,
  `key_token` char(32) NOT NULL
) ENGINE=InnoDB DEFAULT CHARSET=utf8mb4 COLLATE=utf8mb4_general_ci;

--
-- Dumping data for table `users`
--

INSERT INTO `users` (`id_user`, `nama`, `username`, `password`, `key_token`) VALUES
(2, 'Muhammad Kahfy Noor Alwani', 'admin', '21232f297a57a5a743894a0e4a801fc3', 'f6fdffe48c908deb0f4c3bd36c032e72'),
(5, 'Achmad Fitrah', 'fitrah', '937c0a16a68d0d1b41acd4194d9c7338', 'd604e83b01e5be17a4a9c3e038a12164'),
(6, 'Rezky', 'rezky', 'a5f064d3c7e9e2a6fac722c33d3858c7', '36ebe2c12c6b10d0933937b42d7286b6'),
(7, 'Guido Networking', 'guido', 'a69605667c9f172c6bf623e60d034123', '7792c252709282848c6a4ca099a2700d'),
(11, 'Leo Messi', 'messi', '2dafaffcd2f1f8e813834473e380080e', '3a2d30aa019c14f2f751d842004637b2');

--
-- Indexes for dumped tables
--

--
-- Indexes for table `tb_club`
--
ALTER TABLE `tb_club`
  ADD PRIMARY KEY (`id_club`),
  ADD KEY `id_liga` (`id_liga`);

--
-- Indexes for table `tb_liga`
--
ALTER TABLE `tb_liga`
  ADD PRIMARY KEY (`id_liga`);

--
-- Indexes for table `tb_pemain`
--
ALTER TABLE `tb_pemain`
  ADD PRIMARY KEY (`id_pemain`),
  ADD KEY `id_club` (`id_club`);

--
-- Indexes for table `users`
--
ALTER TABLE `users`
  ADD PRIMARY KEY (`id_user`);

--
-- AUTO_INCREMENT for dumped tables
--

--
-- AUTO_INCREMENT for table `tb_club`
--
ALTER TABLE `tb_club`
  MODIFY `id_club` int(11) NOT NULL AUTO_INCREMENT, AUTO_INCREMENT=32;

--
-- AUTO_INCREMENT for table `tb_liga`
--
ALTER TABLE `tb_liga`
  MODIFY `id_liga` int(11) NOT NULL AUTO_INCREMENT, AUTO_INCREMENT=8;

--
-- AUTO_INCREMENT for table `tb_pemain`
--
ALTER TABLE `tb_pemain`
  MODIFY `id_pemain` int(11) NOT NULL AUTO_INCREMENT, AUTO_INCREMENT=2048;

--
-- AUTO_INCREMENT for table `users`
--
ALTER TABLE `users`
  MODIFY `id_user` int(11) NOT NULL AUTO_INCREMENT, AUTO_INCREMENT=13;

--
-- Constraints for dumped tables
--

--
-- Constraints for table `tb_club`
--
ALTER TABLE `tb_club`
  ADD CONSTRAINT `tb_club_ibfk_1` FOREIGN KEY (`id_liga`) REFERENCES `tb_liga` (`id_liga`);

--
-- Constraints for table `tb_pemain`
--
ALTER TABLE `tb_pemain`
  ADD CONSTRAINT `tb_pemain_ibfk_1` FOREIGN KEY (`id_club`) REFERENCES `tb_club` (`id_club`);
COMMIT;

/*!40101 SET CHARACTER_SET_CLIENT=@OLD_CHARACTER_SET_CLIENT */;
/*!40101 SET CHARACTER_SET_RESULTS=@OLD_CHARACTER_SET_RESULTS */;
/*!40101 SET COLLATION_CONNECTION=@OLD_COLLATION_CONNECTION */;
